"id","title","description","availability","condition","price","link","image_link","additional_image_link","brand","product_type","custom_label_0"
"116544055","【カウンセリング商品】 HAAB SKINプレミアムエクソソームセラム30ml","・ヒト幹細胞培養液 ・ヒト線維芽細胞培養液 ・エクソソーム培養液 ・世界最小400分子ヒアルロン酸 クリニック医師監修の元、ベストバランスで配合。 肌細胞にアプローチし、 あなたのお肌を20歳代のピークに戻します 。 ①ヒト臍帯血細胞順化培養液：線維芽細胞を産出 ②ヒト線維芽細胞 順化培養液：コラーゲン/ヒアルロン酸 エラスチンを産出 ③ヒト脂肪由来間葉系細胞 エクソソーム：線維 芽細胞の活性。コラーゲン産出を2倍にする。 ④ヒアルロン酸：1ｇで6リットルの保水力 【効能】 線維芽細胞産出線維芽細胞活性化/ニキビ跡/鎮静/ハリ/シワ/コラーゲン合成（ハリ/シワ） ヒアルロン酸合成（乾燥）/エラスチン合成（たるみ） 【内容量】 30mL 【全成分】 水、ヒト線維芽細胞順化培養液、ヒト臍帯血細胞順化培養液、ヒト脂肪由来間葉系細胞エクソソーム、プロパンジオール、ナイアシンアミド、グリチルリチン酸2K、 ヒアルロン酸Na、(クロロフィリン/銅)複合体、アラントイン、BG、加水分解ヒアルロン酸Na、アルニカ花エキス、オドリコソウ花/葉/茎エキス、オランダガラシ葉/茎エキス、 ゴボウ根エキス、セイヨウアカマツ球果エキス、セイヨウキズタ葉/茎エキス、ニンニク根エキス、ローズマリ一葉エキス、ローマカミツレ花エキス、クエン酸、フェノキシエタノール 【使用上の注意】 ⚫傷やはれもの、湿疹等異常のあるところにはお使いにならないでください。 お肌に異常が生じていないかよく注意して使用してください。 お肌に合わない場合は、ご使用を中止してください。 ⚫使用中、又は使用したお肌に直射日光があたって、赤みはれ、かゆみ、刺激、色抜け(白斑等)や黒ずみ等の異常があらわれた場合は、そのまま使用を続けますと症状を悪化させることがありますので、ご使用を中止し、皮膚科専門医等にご相談されることをおすすめします。 ⚫目に入らないように注意し、入ったときはすぐに水又はぬるま湯で洗い流してください。 ⚫乳幼児などの誤飲等を防ぐため、置き場所にご注意ください。 ⚫高温又は直射日光のあた ※場所には保管しないでください。","in stock","new","39600 JPY","https://aimer12.base.shop/items/116544055","https://baseec-img-mng.akamaized.net/images/item/origin/ca3e7791b5521334fc783d55cf77f0ab.jpg?imformat=generic&q=90&im=Resize,width=1200,type=normal","https://baseec-img-mng.akamaized.net/images/item/origin/a164217f95580ee71652e751dec98494.jpg?imformat=generic&q=90&im=Resize,width=1200,type=normal","HAAB","HAAB > HAAB SKIN(ハーブスキン)","members_only"
"116546543","トータルセレニティセラム30ml","CHRISTINA UNSTRESS トータル セレニティ セラム 30ml ストレスや外的刺激で敏感に傾いた肌をやさしく整え、健やかで落ち着いた状態へ導く集中美容液。 軽やかなテクスチャーで素早くなじみ、うるおいとハリを与えます。 ⸻ 特徴 • 鎮静効果：敏感になった肌を落ち着かせ、赤みや刺激をケア • 高保湿処方：角質層までしっかり水分を届け、乾燥を防止 • バリア機能サポート：外的ストレスに負けない健やかな肌へ • エイジングケア：ハリや弾力を与え、なめらかな素肌に ⸻ このような方におすすめ • 肌の赤みや敏感さが気になる方 • 外的ストレスや乾燥でゆらぎやすい方 • 健やかで落ち着いた肌を保ちたい方 • エイジングケアも取り入れたい方 ⸻ 使用方法 朝晩、化粧水で整えた後に適量を顔全体に塗布し、やさしくなじませてください。 その後にクリームで仕上げると効果的です。 ⸻ 商品詳細 • 内容量：30ml • ブランド：CHRISTINA（クリスティーナ） • ライン：UNSTRESS（アンストレス） • 原産国：イスラエル ⸻ トータル セレニティ セラムは、肌を穏やかに整えながら、うるおいとハリを与える集中ケア美容液。 敏感肌やストレスを感じやすい肌におすすめの1本です。 ※クリスティーナはカウンセリングの必要な化粧品になりますので、初回ご購入の方は【カウンセリング希望】と公式LINEにメッセージをください♡","in stock","new","13200 JPY","https://aimer12.base.shop/items/116546543","https://baseec-img-mng.akamaized.net/images/item/origin/2c99e43dcae371ade794f189d8bde869.jpg?imformat=generic&q=90&im=Resize,width=1200,type=normal","https://baseec-img-mng.akamaized.net/images/item/origin/64e8aa29b1d28cb33273563610e373ac.jpg?imformat=generic&q=90&im=Resize,width=1200,type=normal,https://baseec-img-mng.akamaized.net/images/item/origin/a0fd7e4ea2d82931e5aaead01cebfde8.jpg?imformat=generic&q=90&im=Resize,width=1200,type=normal,https://baseec-img-mng.akamaized.net/images/item/origin/c70f90a9a1c6f5f734ec3f7d9188ab01.jpg?imformat=generic&q=90&im=Resize,width=1200,type=normal","CHRISTINA","CHRISTINA > UNSTRESS(アンストレス)",""
"116550487","アブソリュートイモーテル","CHRISTINA NUANCE アブソリュート イモーテル イモーテルエキス・レチノイド・ビタミンCを配合した夜用オイルセラム。 睡眠中に肌のハリ・弾力・トーン・艶を集中的にケアし、なめらかな肌質へ導きます。 ⸻ 特徴 • イモーテルエキス：肌の土台を整え、明るさとハリ感をサポート • レチノイド：キメを整え、なめらかで弾むような肌へ • ビタミンC：乾燥によるくすみをケアし、透明感と均一なトーンを後押し • 軽やかにのびるオイルドロップ処方で、しっとり感と心地よさを両立 ⸻ このような方におすすめ • ハリや弾力不足が気になる • 乾燥やくすみで肌が疲れて見える • 夜の集中ケアで翌朝の肌を整えたい ⸻ 使用方法 夜、化粧水で整えた後に2〜3滴を顔全体や首元になじませてください。 夜専用のため、朝は使用せず、日中は日焼け止めなどのUVケアを併用してください。 ⸻ 商品詳細 • 内容量：30ml • ブランド：CHRISTINA（クリスティーナ） • ライン：NUANCE（ニュアンス） • 原産国：イスラエル ※クリスティーナはカウンセリングの必要な化粧品になりますので、初回ご購入の方は【カウンセリング希望】と公式LINEにメッセージをください♡","in stock","new","13200 JPY","https://aimer12.base.shop/items/116550487","https://baseec-img-mng.akamaized.net/images/item/origin/46b8dee719fce6fe0be0f4403072f217.jpg?imformat=generic&q=90&im=Resize,width=1200,type=normal","https://baseec-img-mng.akamaized.net/images/item/origin/f2fee8011de8aa7efc505716f1b5fd2c.jpg?imformat=generic&q=90&im=Resize,width=1200,type=normal","CHRISTINA","CHRISTINA > NUANCE(ニュアンス)",""
"116549033","エンチャンティングボディクリーム300ml","CHRISTINA MUSE エンチャンティング ボディクリーム 300ml バラの香りに包まれながら、全身をうるおいで満たすボディクリーム。 リッチな保湿成分が乾燥を防ぎ、しっとりとなめらかな肌を長時間キープします。華やかで優雅な香りが一日中続き、ボディケアの時間を特別なひとときに変えてくれます。 ⸻ 特徴 • 高保湿処方：乾燥を防ぎ、しっとりやわらかな肌へ • エレガントな香り：ローズを中心とした華やかで上品な香り • なめらかな使用感：ベタつかず、すっと肌になじむテクスチャー • デイリーケアに最適：毎日のボディケアを心地よく楽しめる ⸻ このような方におすすめ • 肌の乾燥やごわつきが気になる方 • 香りも楽しめるボディクリームを探している方 • 毎日のケアを特別なリラックスタイムにしたい方 • しっとり感と上品な香りを長時間キープしたい方 ⸻ 使用方法 入浴後や乾燥が気になるときに、適量を手に取り全身になじませてください。 特に乾燥しやすいひじ・ひざ・かかとには重ね塗りがおすすめです。 ⸻ 商品詳細 • 内容量：300ml • ブランド：CHRISTINA（クリスティーナ） • ライン：MUSE（ミューズ） • 原産国：イスラエル ⸻ エンチャンティング ボディクリームは、ローズの香りと濃密な保湿で肌も心も満たすラグジュアリーなボディケア。 毎日の習慣に取り入れることで、しっとりと輝くような素肌を保ちます。 ※クリスティーナはカウンセリングの必要な化粧品になりますので、初回ご購入の方は【カウンセリング希望】と公式LINEにメッセージをください♡","in stock","new","4950 JPY","https://aimer12.base.shop/items/116549033","https://baseec-img-mng.akamaized.net/images/item/origin/f612ea500b104578fdf29a2a0748eed5.jpg?imformat=generic&q=90&im=Resize,width=1200,type=normal","https://baseec-img-mng.akamaized.net/images/item/origin/174613fdb75dd36b6a8cff7c85f989c3.jpg?imformat=generic&q=90&im=Resize,width=1200,type=normal","CHRISTINA","CHRISTINA > MUSE(ミューズ)",""
"116829277","ハーバルコンプレックス75ml","CHRISTINA BIOPHYTO ハーバルコンプレックス 肌のリズムを整え、くすみやゴワつきをやさしくケアする美容液。 天然ハーブエキスを高濃度に配合し、肌のターンオーバーをサポート。使うたびに透明感と滑らかさを引き出します。 ⸻ 特徴成分 • ハーブエキスブレンド：くすみをケアし、肌に明るさを与える • 整肌成分：ターンオーバーをサポートし、健やかな肌へ導く • 保湿成分：乾燥を防ぎ、なめらかでしっとりとした質感をキープ ⸻ このような方におすすめ • 肌のくすみが気になる方 • ごわつきやザラつきを改善したい方 • 健やかで明るい印象の肌を目指す方 • ナチュラルケアで肌を整えたい方 ⸻ 使用方法 化粧水で肌を整えた後、顔全体または気になる部分に数滴をなじませてください。 その後、クリームなどで仕上げるとより効果的です。 週数回のスペシャルケア、または必要に応じてご使用いただけます。 ⸻ 商品詳細 • 内容量：30ml • ブランド：CHRISTINA（クリスティーナ） • ライン：BIOPHYTO（バイオフィト） • 原産国：イスラエル ⸻ ハーバルコンプレックスは、肌本来のリズムを整え、くすみやゴワつきを改善するスペシャルケア美容液。 透明感と明るさを求める方におすすめです。 ※クリスティーナはカウンセリングの必要な化粧品になりますので、初回ご購入の方は【カウンセリング希望】と公式LINEにメッセージをください♡","in stock","new","11000 JPY","https://aimer12.base.shop/items/116829277","https://baseec-img-mng.akamaized.net/images/item/origin/c0c146185c971823fb98d2a3aa9930d7.jpg?imformat=generic&q=90&im=Resize,width=1200,type=normal","https://baseec-img-mng.akamaized.net/images/item/origin/49b9977e1fde0a2a6d5bb6b5acbcad79.jpg?imformat=generic&q=90&im=Resize,width=1200,type=normal,https://baseec-img-mng.akamaized.net/images/item/origin/055d9236c9fc28e06d386bf266a29651.jpg?imformat=generic&q=90&im=Resize,width=1200,type=normal","CHRISTINA","CHRISTINA > BIOPHYTO(ビオフィート)",""
"138311934","iLLON POST PROTECTIVE SOOTHING MASK (イロン ポストプロテクティブ スージング マスク) 37g×5枚","【本社の意向により、こちらの商品はサロン専売品のため、店頭価格より高く設定されています】 POST PROTECTIVE SOOTHING MASK｜ポストプロテクティブ スージング マスク ダメージ肌を癒す高保湿シートマスク 乾燥や外部刺激で敏感になった肌を、やさしく包み込みながら鎮静・保湿するPOST PROTECTIVE SOOTHING MASK（ポストプロテクティブ スージング マスク）。アスタキサンチンを含むマイクロファイバーセルロースシートを使用し、肌のバリア機能をサポート。植物性ミネラルやエストロゲン成分を配合した特殊ゲルエッセンスが素早く浸透し、潤いと透明感を与えます。レーザー施術後や特別な日のスキンケアにぴったりなILLON（イロン）の高機能シートマスクです。​ 【特徴】 ✔ 37gの大容量エッセンス配合でしっかり保湿 ✔ 1.3倍のビッグサイズで顔全体を包み込む ✔ アスタキサンチン配合で抗酸化＆エイジングケア ✔ 天然楮（こうぞ）シートで低刺激＆美白ケア ✔ レーザー・ピーリング後のケアに最適 【主成分と効果】 ✅ アスタキサンチン：高い抗酸化作用で肌を健やかに保つ ✅ ヒアルロン酸ナトリウム：肌のバリアを強化し、水分を保持 ✅ 天然ビタミンE（酢酸トコフェロール）：乾燥を防ぎ、肌の保護バリアを形成 ✅ ヘデラヘリックスエキス（アイビーエキス）：毛穴を引き締め、鎮静効果 ✅ ヒマワリ種子エキス：抗酸化作用で肌の老化を防ぐ ✅ ベータグルカン：水分補給と鎮静効果で肌荒れを予防​ 【使用方法】 ① 洗顔後、化粧水で肌を整える。 ② マスクを袋から取り出し、顔全体に密着させる。 ③ 10〜15分放置し、その後マスクを剥がす。 ④ 肌に残ったエッセンスをやさしくなじませ、仕上げにクリームで保湿するとより効果的。 【こんな方におすすめ】 ⚪︎ レーザーやピーリング施術後のケアをしたい方 ⚪︎ 乾燥や刺激で敏感になった肌を落ち着かせたい方 ⚪︎ エイジングケアを意識し、抗酸化成分を取り入れたい方 ⚪︎ 特別な日の前に肌を整え、潤いとハリを与えたい方 【まとめ】 POST PROTECTIVE SOOTHING MASKは、抗酸化・保湿・鎮静の3つのケアを同時に叶える高機能シートマスクです。ダメージを受けた肌の回復をサポートし、ふっくらとした健やかな肌へ導きます。 毎日のスキンケアに取り入れることで、潤いと透明感のある素肌をキープ。特別な日のスペシャルケアや、レーザー・ピーリング後のアフターケアにぜひお試しください。​","in stock","new","5700 JPY","https://aimer12.base.shop/items/138311934","https://baseec-img-mng.akamaized.net/images/item/origin/156339b8b4b22243f3a7299d637e55f7.jpg?imformat=generic&q=90&im=Resize,width=1200,type=normal","https://baseec-img-mng.akamaized.net/images/item/origin/18777f5ec7455659bb964fc377b7f215.jpg?imformat=generic&q=90&im=Resize,width=1200,type=normal,https://baseec-img-mng.akamaized.net/images/item/origin/defb2985222941713b02721103e3dad7.jpg?imformat=generic&q=90&im=Resize,width=1200,type=normal,https://baseec-img-mng.akamaized.net/images/item/origin/f03b300a782f67a18f6da1e152da0c30.jpg?imformat=generic&q=90&im=Resize,width=1200,type=normal","illon","illon",""
"138311767","iLLON BB CERAM （イロン BB クリーム）30g","【iLLON BB CERAM｜1本で叶える肌ケアと美肌演出】 忙しい朝も、肌悩みが気になる日中も、これ1本で頼れる多機能BBクリーム。iLLON BB CERAM（イロン BB クリーム）は、スキンケアとベースメイクを同時に叶えるトータルケア処方。美白・シワ改善・紫外線防御のトリプルアクションで、明るくハリのある肌印象へと導き、敏感肌にもやさしい低刺激性設計で毎日の肌に安心を届けます。 自然なカバー力と軽やかな密着感で、毛穴や凹凸をふんわりとカバー。日中のメイク直しも少なく、素肌美を引き出すナチュラルな仕上がりに。美しさと快適さを1本で手に入れる、新しい時短スキンケアの選択肢です。 【特徴】 ✔ 美白・シワ改善・UVカットのトリプルアクション ✔ 肌にぴたっと密着し、毛穴落ち・粉浮きしにくい処方 ✔ 薄づきなのに自然にカバー、ナチュラルな仕上がり ✔ さらっとした使い心地で、重ねてもベタつかない ✔ スキンケア・日焼け止め・下地・ファンデの4役を1本に凝縮 ✔ 低刺激性認定で敏感肌にもやさしく使える 【主成分と効果】 ✅ あずきエキス：天然由来の抗酸化力でくすみをケアし、肌を健やかに整える ✅ フィトステロール：保湿・保護力に優れ、肌バリアをサポート ✅ ナイアシンアミド：美白機能でトーンアップを促進 ✅ アデノシン：シワ改善に働きかけ、弾力感のある肌へ導く ✅ UVカット成分：紫外線から肌を守り、日中の外的ダメージを予防 【使用方法】 ① 朝のスキンケア後、適量（パール粒大）を手に取る ② 顔全体にやさしくのばし、気になる部分には重ね塗り ③ 軽く叩き込むように馴染ませて完成 ※通常の洗顔料でオフ可能。メイク落とし不要で簡単ケア 【こんな方におすすめ】 ⚪ 忙しい朝の時短ケアを叶えたい方 ⚪ 紫外線やくすみ、シワが気になる方 ⚪ 日中もスキンケア効果を求める美容志向の方 ⚪ 敏感肌でベースメイク選びに悩んでいる方 ⚪ ナチュラルで素肌感のある仕上がりが好きな方 【まとめ】 iLLON BB CERAM（イロン BB クリーム）は、1本で肌ケアと美肌演出を叶える次世代のBBクリーム。美白・シワ改善・紫外線対策をこなしながら、快適でナチュラルな肌を演出。素肌に自信を持ちたいすべての人に、毎日のスキンケアを格上げする1本としておすすめします。","in stock","new","9490 JPY","https://aimer12.base.shop/items/138311767","https://baseec-img-mng.akamaized.net/images/item/origin/3f8079b4f7c20e837bde178ab55f325e.jpg?imformat=generic&q=90&im=Resize,width=1200,type=normal","https://baseec-img-mng.akamaized.net/images/item/origin/5c881bc94c2e5bfe9c6a9d6f14d2b94e.jpg?imformat=generic&q=90&im=Resize,width=1200,type=normal,https://baseec-img-mng.akamaized.net/images/item/origin/5ec4737fc0977c2e2e6dce8c0e198110.jpg?imformat=generic&q=90&im=Resize,width=1200,type=normal","illon","illon",""
"138311723","iLLON FORDEF SUN SERUM SPF50 + PA++++ 60ml","ILLON（イロン）FORDEF SUN SERUM SPF50 + PA++++ FORDEF SUN SERUM SPF50 + PA++++｜汗・水に強い3重機能性セラム 紫外線から肌をしっかり守りながら、べたつかず快適な使い心地を実現した「FORDEF SUN SERUM SPF50 + PA++++」。 美白・シワ改善・紫外線カットの3重機能を兼ね備え、敏感肌でも安心して使える処方。 汗や水にも強く、日常使いからアウトドアまで幅広く活躍する新感覚の日焼け止めセラムです​。 【特徴】 ✔ SPF50+ / PA++++ の強力な紫外線ブロック機能 ✔ 目にしみにくい処方で快適な使い心地 ✔ 汗・水にも強いウォータープルーフ＆スウェットプルーフ ✔ 白浮きしにくく、べたつかないセラムタイプ ✔ 美白・シワ改善・紫外線カットの3重機能性 【主成分と効果】 ✅ ニューロペプチド：肌のハリをサポートし、エイジングケアに貢献 ✅ フィトコレステロール：肌バリアを強化し、保湿効果を高める ✅ 長寿遺伝子(NMN)：細胞のエネルギー代謝を助け、肌の再生をサポート ✅ 有機紫外線遮断剤：肌への負担を抑えながら、強力な紫外線防御を実現 【使用方法】 ① スキンケア後、適量を手に取ります。 ② 顔全体にムラなく伸ばし、やさしくなじませます。 ③ 特に紫外線を受けやすい頬や額、鼻などには重ね塗りをおすすめします。 ④ 長時間の外出や汗をかいた後は、こまめに塗り直してください。 【こんな方におすすめ】 ⚪︎ 白浮きせず、自然になじむ日焼け止めを探している方 ⚪︎ 敏感肌でも使える低刺激なUVケアを求めている方 ⚪︎ 汗や水に強く、レジャーやスポーツ時にも使いたい方 ⚪︎ 美白＆エイジングケアもできる多機能アイテムが欲しい方 【まとめ】 「FORDEF SUN SERUM SPF50 + PA++++」は、紫外線防御だけでなく、美白＆シワ改善の効果も兼ね備えた新感覚のUVセラム。 汗や水に強く、軽いつけ心地でありながら高機能な処方は、あらゆるシーンで活躍します。 毎日のスキンケアにプラスして、紫外線ダメージから肌をしっかり守りましょう​。","in stock","new","7340 JPY","https://aimer12.base.shop/items/138311723","https://baseec-img-mng.akamaized.net/images/item/origin/1e10fb8992c5e1018168124df31b3860.png?imformat=generic&q=90&im=Resize,width=1200,type=normal","https://baseec-img-mng.akamaized.net/images/item/origin/5cfff3b3452acf5b49d7c3d676b13dba.jpg?imformat=generic&q=90&im=Resize,width=1200,type=normal,https://baseec-img-mng.akamaized.net/images/item/origin/e7569fa1cbc7867869b9a3bb28e5c9a2.jpg?imformat=generic&q=90&im=Resize,width=1200,type=normal,https://baseec-img-mng.akamaized.net/images/item/origin/b408f398f745b7d6bba9cd9cd9aa3e0f.jpg?imformat=generic&q=90&im=Resize,width=1200,type=normal","illon","illon",""
"138311611","iLLON FORDEF SUN STICK SPF 50+ / PA++++ (イロン フォーデフ サンスティック) 15g","【本社の意向により、こちらの商品はサロン専売品のため、店頭価格より高く設定されています】 FORDEF SUN STICK SPF 50+ / PA++++｜フォーデフ サンスティック 【FORDEF SUN STICK SPF 50+ / PA++++｜汗や水に強い、なめらか密着の日焼け止め】 強力な紫外線対策をしながら、白浮きやベタつきを抑えた快適な使い心地を実現する「FORDEF SUN STICK SPF 50+ / PA++++」。アウトドアやスポーツ時にも頼れるウォータープルーフ処方で、汗をかいても崩れにくいのが特長です。敏感肌にも使いやすい成分設計で、日常使いにも最適なサンスティックです。 【特徴】 ✔ SPF 50+ / PA++++の強力な紫外線ブロック 紫外線A波・B波をしっかりガードし、日焼けによる肌ダメージを防ぎます。 ✔ 白浮きせず、なめらかに密着 透明感のある仕上がりで、肌になじみやすく使いやすい処方です。 ✔ 汗や水に強いウォータープルーフ処方 アウトドアやスポーツシーンでも落ちにくく、長時間紫外線を防ぎます。 ✔ 目にしみにくく、快適な使い心地 目元にも安心して使え、快適な使用感が続きます。 ✔ テカリを抑え、肌をサラッとキープ 皮脂コントロール成分配合で、汗や皮脂によるベタつきを防ぎます。​ 【主成分と効果】 ✅ フィトコレステロール：肌の保護膜を強化し、水分バランスを整える ✅ ニューロペプチド：肌のコンディションを整え、ハリを与える ✅ 長寿遺伝子(NMN)：肌の健康維持をサポートし、紫外線によるダメージをケア 【使用方法】 ① スティックを5mm程度繰り出し、顔や首、腕などに直接塗布します。 ② 均一になじませるために、軽く手で押さえます。 ③ 汗をかいた後や長時間の外出時には、こまめに塗り直してください。 【こんな方におすすめ】 ⚪︎ アウトドアやスポーツを楽しむ方：汗や水に強いので、レジャーや運動時にも最適 ⚪︎ 白浮きやベタつきを避けたい方：さらっと快適な使い心地で、メイクの上からも使用可能 ⚪︎ 敏感肌の方：目にしみにくく、肌に優しい処方 【まとめ】 「FORDEF SUN STICK SPF 50+ / PA++++」は、汗や水にも負けず、白浮きやベタつきのない快適な日焼け止めスティック。手軽に塗れて持ち運びやすいので、日常使いからアウトドアまで幅広く活躍します。強い日差しの下でも肌をしっかり守り、快適な毎日をサポートします。","in stock","new","6960 JPY","https://aimer12.base.shop/items/138311611","https://baseec-img-mng.akamaized.net/images/item/origin/d15281624c03175afe1cf40b78a5c439.png?imformat=generic&q=90&im=Resize,width=1200,type=normal","https://baseec-img-mng.akamaized.net/images/item/origin/d166a145c65a253d808db114c8559639.jpg?imformat=generic&q=90&im=Resize,width=1200,type=normal,https://baseec-img-mng.akamaized.net/images/item/origin/c04319bc714dd63a4e5e1f27d66a3d2f.jpg?imformat=generic&q=90&im=Resize,width=1200,type=normal,https://baseec-img-mng.akamaized.net/images/item/origin/ba689435805414d0f7c4e26d562e6f26.jpg?imformat=generic&q=90&im=Resize,width=1200,type=normal","illon","illon",""
"138311446","illon FIRSTEIN TONER 210ml","肌の水分バリアを強化する高保湿角質密着トナー ⭐︎バリア機能が弱って、とにかく何使ってもヒリヒリされる方、オススメ！！ ⚫︎乾燥 ⚫︎肌バリア低下 しっとり潤うミルクタイプの化粧水です。角質ケアと保湿を同時に行い、肌の水分バリアを強化します。乾燥肌の方は重ね付けすることで、より高い浸透力を実感していただけます。また、シャワー後の乾燥した身体に軽く馴染ませることで、全身の保湿ケアが可能です。 〈主成分〉 加水分解ダイズタンパク/ビタミンコンプレックス／ホホ バ種子オイル／アナツバメ巣エキス／エーデルワイスカル ス培養エキス","in stock","new","8625 JPY","https://aimer12.base.shop/items/138311446","https://baseec-img-mng.akamaized.net/images/item/origin/7b7a52f96c76fa6ae6e84353cac62e65.jpg?imformat=generic&q=90&im=Resize,width=1200,type=normal","https://baseec-img-mng.akamaized.net/images/item/origin/fb2f7ef3b0d97ccc65ca68928f0c372f.jpg?imformat=generic&q=90&im=Resize,width=1200,type=normal,https://baseec-img-mng.akamaized.net/images/item/origin/cd04b34e24480d8c4e38a876fc421c1a.jpg?imformat=generic&q=90&im=Resize,width=1200,type=normal","illon","illon",""
"137468508","iLLON ACNIT AMPOULE （イロン アクニットアンプル）50ml","【本社の意向により、こちらの商品はサロン専売品のため、店頭価格より高く設定されています】 ACNIT AMPOULE｜ILLON（イロン）アクニットアンプル ACNIT AMPOULE｜繰り返すニキビ・肌トラブルを根本ケアするスキンケアアンプル ニキビや肌トラブルが繰り返し発生し、なかなか改善しない…。そんな悩みを抱える方におすすめなのが、ACNIT AMPOULE 。 抗菌ペプチドや海洋性バイオティクスを活用し、肌のバリア機能を強化しながら、ニキビの原因菌にアプローチ。肌への刺激を最小限に抑えつつ、健康的な肌へと導くアンプルです。 【特徴】 ✔ 抗菌ペプチド Acnotide®配合 — ニキビの原因菌を効果的に抑制 ✔ 海洋ポストバイオティクス — 皮膚微生物のバランスを整え、肌トラブルを予防 ✔ ポリクオタニウム-51 — ヒアルロン酸の2倍以上の保湿力で肌の乾燥を防ぐ ✔ ルペオール（ナス抽出成分） — 皮脂過剰・炎症を抑制し、トラブルを予防 ✔ フランス特許の皮膚マイクロバイオーム技術 — ニキビ防御菌を増やし、トラブルを防ぐ​ 【主成分と効果】 ✅ 抗菌ペプチド（Acnotide®） — ニキビ菌を抑制し、あらゆるタイプのニキビ（閉鎖型・開放型・炎症性・コメド）に対応 ✅ 海洋ポストバイオティクス — 皮膚の免疫力を高め、炎症を抑えながら肌を再生 ✅ ポリクオタニウム-51 — 角質層の水分を保持し、バリア機能をサポート ✅ ルペオール（ナス由来成分） — 皮脂バランスを整え、毛穴の詰まりや赤みを軽減 ✅ トリプトファン — 肌のターンオーバーを促進し、健康な肌へ導く​ 【使用方法】 ① 洗顔後、化粧水で肌を整えた後に使用 ② 適量（2～3滴）を手のひらに取り、顔全体にやさしくなじませる ③ 特に気になる部分には重ね付けすると効果的 ④ その後、乳液やクリームでしっかり保湿 【こんな方におすすめ】 ⚪︎ 繰り返すニキビ・肌トラブルに悩んでいる方 ⚪︎ 赤み・炎症を抑えたい方 ⚪︎ 皮脂バランスを整えたい方 ⚪︎ 低刺激で効果的なスキンケアを探している方 ⚪︎ 学生ニキビやホルモンバランスによる肌荒れに悩む方​ 【まとめ】 ACNIT AMPOULEは、ニキビや肌トラブルを根本からケアし、肌本来のバリア機能を高めるスキンケアアイテム。抗菌ペプチドや海洋バイオティクスの働きで、繰り返すニキビを予防しながら、肌の健康をサポートします。毎日のスキンケアに取り入れることで、ニキビ知らずのなめらかな肌へ。","in stock","new","13915 JPY","https://aimer12.base.shop/items/137468508","https://baseec-img-mng.akamaized.net/images/item/origin/a2cec15618777d0ac0cb9c3888671598.jpg?imformat=generic&q=90&im=Resize,width=1200,type=normal","https://baseec-img-mng.akamaized.net/images/item/origin/093337e380c8953b95de61ae6caf9722.jpg?imformat=generic&q=90&im=Resize,width=1200,type=normal,https://baseec-img-mng.akamaized.net/images/item/origin/3ab564316595c7dc159a80077b073bae.jpg?imformat=generic&q=90&im=Resize,width=1200,type=normal","illon","illon",""
"137468317","iLLON HYALTIVE AMPOULE （イロン ハイアルティブ アンプル）50ml","【本社の意向により、こちらの商品はサロン専売品のため、店頭価格より高く設定されています】 HYALTIVE AMPOULE｜ILLON（イロン）ヒアルティブ アンプル 【肌の水分を高速チャージする革新的アンプル】 8重ヒアルロン酸と最新のナノリポソーム技術を活用し、肌の奥深くまで水分を届ける革新的な高保湿アンプルです。乾燥肌・脱水肌に悩む方へ、速攻で潤いを与え、長時間うるおいをキープするために開発されました。水光肌を叶えたい方にぴったりのスペシャルケアアイテムです。​ 【特徴】 ✔ 3段階のスキンブースターシステムで、肌の水分貯蔵庫を強化​ ✔ 8重ヒアルロン酸が肌の内側から外側までしっかり保湿​ ✔ アクアポリン活性化により水分通路を開き、吸収を促進​ ✔ ナノリポソーム技術により、肌の奥深くまで有効成分を浸透​ ✔ ハイドロリピッドフィルムを形成し、肌の水分蒸発を防ぐ​ 【主成分と効果】 ✅ 8重ヒアルロン酸（Octaplus HA） 大小異なる分子サイズのヒアルロン酸が肌の表面から奥深くまで浸透し、長時間の保湿を実現。 ✅ エクトイン エジプト砂漠の塩湖に生息する微生物由来の成分。肌のバリア機能を強化し、紫外線や乾燥から肌を守る。​ ✅ トレハロース サボテンにも含まれる強力な保湿成分。肌の水分蒸発を防ぎ、乾燥ダメージを軽減。 ✅ ポリクオタニウム-51 ヒアルロン酸の2倍以上の保湿力を持ち、肌の保護膜を形成 ✅ アクアポリン活性化成分 肌の水分通路を活性化し、水分をスムーズに供給 【使用方法】 ① 洗顔後、化粧水で肌を整える ② 適量（スポイト1回分）を手に取り、顔全体に優しくなじませる ③ 乾燥が気になる部分には重ね塗りを推奨 ④ クリームなどで仕上げると、保湿効果がさらにアップ ※朝晩のスキンケアに使用可能。乾燥が気になるときは、ナイトパックのように厚めに塗るのもおすすめです。 【こんな方におすすめ】 ⚪︎ 肌がいつも乾燥してつっぱる ⚪︎ 季節の変わり目で肌が不安定になりやすい ⚪︎ ピーリングやレーザー施術後の保湿ケアを探している ⚪︎ 乾燥による小じわが気になる ⚪︎ 水光肌を手に入れたい 【まとめ】 HYALTIVE AMPOULEは、肌の水分を効率的に補給し、持続的に潤いをキープする高機能アンプルです。3段階のブースターシステムにより、肌の水分通路を開き、保湿成分をしっかり届けることで、乾燥や外部刺激から肌を守ります。 毎日のスキンケアに取り入れることで、うるおいとハリに満ちた輝く肌へ導きます。","in stock","new","13915 JPY","https://aimer12.base.shop/items/137468317","https://baseec-img-mng.akamaized.net/images/item/origin/d1248352f4e41d7a6d3f3d5b6f40fde2.jpg?imformat=generic&q=90&im=Resize,width=1200,type=normal","https://baseec-img-mng.akamaized.net/images/item/origin/a297670621478fc279740cc428c77441.jpg?imformat=generic&q=90&im=Resize,width=1200,type=normal,https://baseec-img-mng.akamaized.net/images/item/origin/f1a55fe70187ee2d98797fb456385b05.jpg?imformat=generic&q=90&im=Resize,width=1200,type=normal","illon","illon",""
"137362132","iLLON MELAGEN AMPOULE （イロン メラゲン アンプル）50ml","【本社の意向により、こちらの商品はサロン専売品のため、店頭価格より高く設定されています】 MELAGEN AMPOULE｜ILLON（イロン）メラゲン アンプル 【MELAGEN AMPOULE｜透明感あふれる美白ケア】 MELAGEN AMPOULE（メラゲン アンプル）は、肌の色素生成を抑制し、透明感のある肌へ導くプレミアム美白アンプルです。独自の「DermiShuttleテクノロジー」により、主要成分が肌の奥まで浸透し、シミやくすみのない均一な肌色を実現します。 【特徴】 ✔ 美白機能性成分を最大濃度で配合 ✔ メラニン生成を根本から抑制 ✔ 肌のツヤ・明るさ・透明度を向上 【主な成分と効果】 ✅ Demelaxyl®（特許美白成分） 現存する美白成分の中で最も高い活性を持ち、メラニン生成を根本的に抑制。刺激が少なく、長期間使用可能。 ✅ トラネキサム酸 シミ治療にも使用される成分で、肌の炎症を抑えながら美白効果を発揮。 ✅ ナイアシンアミド（5%） 韓国の美白機能性化粧品で許容される最大濃度を配合し、肌の色ムラを整えながら、ハリとツヤを向上。 ✅ 8重ヒアルロン酸 肌の表面から真皮まで異なる分子量のヒアルロン酸が浸透し、水分蒸発を防ぎながら潤いを長時間保持。 【使用方法】 ① 洗顔後、化粧水で肌を整えます。 ② 適量（2〜3滴）を手に取り、顔全体にやさしくなじませます。 ③ 気になる部分には重ね付けをするとより効果的。 ④ 乳液やクリームで仕上げます。 【こんな方におすすめ】 ⚪︎ シミやそばかすが気になる方 ⚪︎ くすみが気になり、透明感をアップさせたい方 ⚪︎ 色ムラのない均一な肌色を目指したい方 ⚪︎ 敏感肌でも使える低刺激な美白ケアを探している方 【まとめ】 MELAGEN AMPOULEは、特許美白成分「Demelaxyl®」とDermiShuttleテクノロジーによる深層美白効果で、シミやくすみを防ぎ、透明感あふれる肌へ導きます。肌に優しく、長期間使用できるため、毎日のスキンケアに取り入れてみてください。","in stock","new","13915 JPY","https://aimer12.base.shop/items/137362132","https://baseec-img-mng.akamaized.net/images/item/origin/f722092025e46f6c5d96c41616490d1b.jpg?imformat=generic&q=90&im=Resize,width=1200,type=normal","https://baseec-img-mng.akamaized.net/images/item/origin/dfd9c90b925c5fe834660dcaf98b49d2.jpg?imformat=generic&q=90&im=Resize,width=1200,type=normal,https://baseec-img-mng.akamaized.net/images/item/origin/757383e0de068d5f84d5d744b8a11de0.jpg?imformat=generic&q=90&im=Resize,width=1200,type=normal,https://baseec-img-mng.akamaized.net/images/item/origin/2dd387632482e132d25d089866406407.jpg?imformat=generic&q=90&im=Resize,width=1200,type=normal","illon","illon",""
"137362023","iLLON PENTIDE AMPOULE （イロン ペンタイド アンプル）50ml","【本社の意向により、こちらの商品はサロン専売品のため、店頭価格より高く設定されています】 PENTIDE AMPOULE｜ペンタイド アンプル 【PENTIDE AMPOULE｜ハリと弾力を与えるエイジングケアアンプル】 PENTIDE AMPOULE（ペンタイド アンプル）は、コラーゲン生成を促進し、肌のハリと弾力を向上させるアンチエイジングケア用の美容液です。特許取得済みのペプチド成分と革新的なDermiShuttle技術により、肌の奥深くまで有効成分を届け、シワやたるみをケアします。 【特徴】 ✔ コラーゲン生成を最大148%促進​ ✔ ハリ・リフティング・シワ改善に特化 ✔ DermiShuttle技術による高浸透処方​ ✔ 特許取得済みペプチド成分配合​ ✔ 肌の赤みを鎮静し、明るい印象へ導く 【主成分と効果】 ✅ ヘキサペプチド-61ダイマー（特許成分） → コラーゲンの生成を促進し、肌のハリを強化​ ✅ カパトライペプチド & ベータグルカン → 肌の再生をサポートし、バリア機能を強化 ✅ コネオテラピー（トリペプチド-1銅 + AHA/BHA改良成分） → 低刺激ながら効果的な角質ケアと肌のターンオーバー促進 ✅ 高分子ヒアルロン酸（100万ダルトン） → 肌の奥深くまで潤いを届け、水光肌へ導く 【使用方法】 ① 洗顔後、化粧水で肌を整える ② 適量（1～2滴）を顔全体になじませる ③ 手のひらで軽く押さえ、浸透させる ④ クリームなどで仕上げる（特に夜のスキンケアに推奨） 【こんな方におすすめ】 ⚪︎ 肌のハリ・弾力が気になる方 ⚪︎ 小じわ・深いシワをケアしたい方 ⚪︎ アンチエイジング対策をしたい方 ⚪︎ 保湿だけでは物足りないと感じる方 ⚪︎ 施術後の肌の回復をサポートしたい方 【まとめ】 PENTIDE AMPOULEは、コラーゲン生成を促進し、肌のハリ・弾力を高める美容液です。特許成分と高度な浸透技術により、シワ・リフティング・赤み鎮静など多角的なスキンケア効果を発揮します。毎日のケアに取り入れて、より若々しく健やかな肌を目指しましょう！​","in stock","new","13915 JPY","https://aimer12.base.shop/items/137362023","https://baseec-img-mng.akamaized.net/images/item/origin/699b2513649260677a276bc252a149a0.jpg?imformat=generic&q=90&im=Resize,width=1200,type=normal","https://baseec-img-mng.akamaized.net/images/item/origin/f08eae7679f4f77bb0f1ebbc9d68e1e5.jpg?imformat=generic&q=90&im=Resize,width=1200,type=normal,https://baseec-img-mng.akamaized.net/images/item/origin/6e8b6e97081bcca4e3682d316b1a2c87.jpg?imformat=generic&q=90&im=Resize,width=1200,type=normal,https://baseec-img-mng.akamaized.net/images/item/origin/a833a511e3c55610ef5d3a015a255924.jpg?imformat=generic&q=90&im=Resize,width=1200,type=normal","illon","illon",""
"137361879","iLLON BLUE SIGNAL BOOSTER (イロン ブルーシグナルブースター) 30g","BLUE SIGNAL BOOSTER｜ブルーシグナルブースター 【BLUE SIGNAL BOOSTER｜水分爆弾ブースターで乾燥肌に潤いチャージ】 乾燥が気になる肌に、水分を素早くチャージする 「BLUE SIGNAL BOOSTER」。 水分不足の肌や慢性的な乾燥肌に特化した韓国コスメブランド ILLON（イロン） のブースターです。 オイルとアンプルの二重層が肌の保護膜を形成し、潤いを長時間キープ。 敏感肌の方でも使いやすく、ツヤのある健康的な肌へ導きます​。 【特徴】 ✔ オイル+アンプルの二重層処方：人工色素・人工香料無添加で肌にやさしい ✔ ブルータンジー天然オイル配合：水分保持力を強化 ✔ バリア機能サポート：肌の水分蒸発を防ぎ、乾燥から守る ✔ 全ての肌タイプに使用可能：特に水分不足の肌に最適 ✔ ツヤ肌効果：うるおいを与えながら透明感UP​。 【主成分と効果】 ✅ ブルータンジー天然オイル：抗炎症・保湿効果で肌の鎮静と水分保持 ✅ オイル+アンプルの二重層：肌のバリア機能をサポートし、潤いを閉じ込める ✅ 水分爆弾処方：乾燥によるトラブルを防ぎ、みずみずしい肌へ​。 【使用方法】 ① 使用前によく振る（オイルとアンプルの二重層を均一にするため） ② 適量を手のひらに取り、軽く押さえるように顔全体に塗布 ③ 化粧水や美容液の後、スキンケアの仕上げとして使用 ④ 朝晩の使用が可能（特に乾燥が気になる時におすすめ） 【こんな方におすすめ】 ⚪ 乾燥肌・敏感肌の方：水分が不足しがちな肌にうるおいを与える ⚪ 慢性的な乾燥に悩む方：何度保湿してもすぐに乾く肌に最適 ⚪ ツヤ肌を目指したい方：しっとりとした輝きのある肌へ ⚪ 外部刺激から肌を守りたい方：肌のバリア機能をサポートし、環境ストレスから保護​。 【まとめ】 「BLUE SIGNAL BOOSTER」は、水分不足の肌に素早くうるおいをチャージする強力な保湿ブースター。 オイルとアンプルの二重層が肌を乾燥から守り、潤いとツヤをキープ。 毎日のスキンケアにプラスすることで、乾燥しやすい肌を内側からしっとりと整えます。 肌の水分バランスを整え、「もっちりツヤ肌」 を手に入れましょう！​。","in stock","new","10753 JPY","https://aimer12.base.shop/items/137361879","https://baseec-img-mng.akamaized.net/images/item/origin/68f1136f0374d0d6b276e9db66dcf679.png?imformat=generic&q=90&im=Resize,width=1200,type=normal","https://baseec-img-mng.akamaized.net/images/item/origin/73206f7b2985fa3ef0117dd231f865c2.png?imformat=generic&q=90&im=Resize,width=1200,type=normal","illon","illon",""
"137361876","iLLON SENSIEND AMPOULE （イロン センシエンド アンプル）50ml","【本社の意向により、こちらの商品はサロン専売品のため、店頭価格より高く設定されています】 SENSIEND AMPOULE｜ILLON（イロン）センシエンド アンプル 【SENSIEND AMPOULE｜敏感肌を優しく包み込む高機能アンプル】 肌のバリア機能をサポートし、敏感肌を優しくケアする「SENSIEND AMPOULE（センシエンド アンプル）」は、外部刺激による炎症やダメージを受けた肌の回復を促す特別な処方が施されています。エステ施術後の鎮静ケアや、肌の赤み・かゆみ・乾燥に悩む方に最適なスキンケアアイテムです。 【特徴】 ✔ エステ施術後の素早い鎮静・再生ケア ✔ 肌のバリア機能を強化し、健康な保護膜を形成 ✔ 物理的・化学的刺激によるダメージを98%回復（2週間での臨床試験結果） ✔ 抗炎症因子を6倍増加、炎症誘発因子を100%除去 ✔ 疼痛伝達媒介因子を調節し、刺激を緩和 ✔ 肌の構成タンパク質を最大6.5%増加​ 【主成分と効果】 ✅ Calm-Aid® 肌の炎症を抑え、刺激を緩和しながら細胞の再生を促す複合成分。 ✅ エクトイン エジプトの塩湖に生息する微小藻類由来の天然成分。浸透圧を調整し、シワや炎症を防ぐ。 ✅ ツボクサ定量抽出物（5種） 肌の再生をサポートし、バリア機能を高める成分（アジアチコサイド、マデカシクアシッドなど）。 ✅ アサ種子油（カンナビノイド） 神経・免疫系に作用し、炎症を調節。乾燥やアトピー肌にも適した天然抗炎症成分。 ✅ 再生促進ペプチド & 抗炎症ペプチド 皮膚の修復を助け、ダメージを受けた肌の回復を促進。 【使用方法】 ① 洗顔後、化粧水で肌を整えます。 ② 適量（2〜3滴）を手のひらに取り、顔全体に優しくなじませます。 ③ 気になる部分には重ね塗りし、しっかりと浸透させます。 ④ その後、乳液やクリームで保湿ケアを行います。 【こんな方におすすめ】 ⚪︎ 敏感肌・乾燥肌の方 ⚪︎ 赤みやかゆみが気になる方 ⚪︎ 施術後の鎮静ケアを求める方 ⚪︎ 外部刺激（紫外線・PM2.5など）による肌ダメージをケアしたい方 【まとめ】 「SENSIEND AMPOULE」は、敏感な肌を守りながら、ダメージの回復をサポートする高機能アンプルです。外部刺激に弱い肌や、施術後の鎮静が必要な方にぴったりのアイテム。毎日のスキンケアに取り入れることで、健康で安定した肌へ導きます。","in stock","new","13915 JPY","https://aimer12.base.shop/items/137361876","https://baseec-img-mng.akamaized.net/images/item/origin/77b5bfa96cc8f34ab5e0ebc8c881ce37.jpg?imformat=generic&q=90&im=Resize,width=1200,type=normal","https://baseec-img-mng.akamaized.net/images/item/origin/70a129bf3585ea6a1eadfa3cd05237f1.jpg?imformat=generic&q=90&im=Resize,width=1200,type=normal,https://baseec-img-mng.akamaized.net/images/item/origin/7c0ef4f6e9f2b719ea2a6f1c0c261cd3.jpg?imformat=generic&q=90&im=Resize,width=1200,type=normal,https://baseec-img-mng.akamaized.net/images/item/origin/12740bfff437d10ecda364257f1a56f6.jpg?imformat=generic&q=90&im=Resize,width=1200,type=normal","illon","illon",""
"137361769","iLLON RED SIGNAL BOOSTER (イロン レッドシグナルブースター) 30g","RED SIGNAL BOOSTER｜レッドシグナルブースター 【RED SIGNAL BOOSTER｜敏感肌のための韓国発アンプルブースター】 肌の赤みやトラブルに悩む方へ。「RED SIGNAL BOOSTER（レッドシグナルブースター）」は、韓国コスメブランドILLON（イロン）が開発した、敏感肌向けのアンプルブースターです。古来より傷の治療に使われてきたレッドグロムウェルルートオイルを配合し、肌のバリア機能を強化しながら、鎮静と回復をサポート。外部刺激に敏感な肌にもやさしく働きかけ、赤みを抑えて健やかな肌へと導きます。 【特徴】 ✔ 肌を守る「赤い万能薬」 ✔ 敏感肌にも使える低刺激設計 ✔ 二層式ブースター処方 ✔ 肌バリアを強化し、うるおいを閉じ込める 【主成分と効果】 ✅ レッドグロムウェルルートオイル - 肌の修復を促進し、炎症を抑える。 ✅ シコニン（Shikonin） - 皮膚の免疫をサポートし、肌の赤みやかゆみを抑える。 ✅ ビタミンE（トコフェロール） - 抗酸化作用で肌のダメージをケアし、エイジングサインを予防。 ✅ セラミドコンプレックス - 角質層のバリア機能を補強し、うるおいを長時間キープ。 【使用方法】 ① 使用前にボトルをよく振る（オイル層とウォーター層を均一にする）。 ② 化粧水の後に、適量（2～3滴）を手に取り、顔全体にやさしくなじませる。 ③ ハンドプレスで浸透を促進。特に赤みが気になる部分には重ねづけもOK。 ④ その後、乳液やクリームでフタをする。 【こんな方におすすめ】 ⚪︎ 敏感肌・赤みが気になる方 ⚪︎ 季節の変わり目に肌トラブルが増える方 ⚪︎ 外部刺激（紫外線、花粉、大気汚染）から肌を守りたい方 ⚪︎ 乾燥しやすい肌質の方 【まとめ】 「RED SIGNAL BOOSTER」は、敏感肌のためのスペシャルケアアイテム。韓国コスメの技術と伝統的な自然由来成分を融合し、トラブル肌をやさしく包み込みながら、本来の健やかさを取り戻します。毎日のスキンケアに取り入れることで、赤みや刺激に負けない、しなやかで落ち着いた肌へと導きます。","in stock","new","10753 JPY","https://aimer12.base.shop/items/137361769","https://baseec-img-mng.akamaized.net/images/item/origin/426eafc5ad7554d937a45d0b83514b8d.png?imformat=generic&q=90&im=Resize,width=1200,type=normal","https://baseec-img-mng.akamaized.net/images/item/origin/854dd869962023acb844f20d66115d9c.png?imformat=generic&q=90&im=Resize,width=1200,type=normal","illon","illon",""
"137361630","iLLON YELLOW SIGNAL BOOSTER (イエロー シグナルブースター) 30g","YELLOW SIGNAL BOOSTER｜イエローシグナルブースター YELLOW SIGNAL BOOSTER｜肌のバリアを整え、エイジングケアを叶える韓国コスメ 「年齢とともに肌のハリやツヤが失われる」「紫外線や乾燥から肌を守りたい」——そんなお悩みに応えるのが、ILLON（イロン）のYELLOW SIGNAL BOOSTER。韓国コスメの革新的なブースター技術を駆使し、コエンザイムQ10を配合したオイル×アンプルの2層式処方で、肌のバリア機能を高めながらエイジングケアをサポートします。 日々のスキンケアにプラスするだけで、年齢に負けない健康的な輝きを叶えます。 【特徴】 ✔ オイル＋アンプルの2層式ブースター - 肌の保護膜（バリア）を整え、油分と水分のバランスを最適化 ✔ コエンザイムQ10配合 - 抗酸化作用で肌の老化を防ぎ、弾力とツヤをプラス ✔ 人工色素・人工香料フリー - 敏感肌の方にも安心して使える処方 ✔ 40代以上の購入率No.1 - 年齢肌の悩みに特化し、多くの愛用者に支持されている​ 【主成分と効果】 ✅ コエンザイムQ10：強力な抗酸化作用で肌の酸化ダメージを防ぎ、ハリを与える ✅ ナイアシンアミド：美白効果が期待でき、肌のトーンアップをサポート ✅ 植物由来オイル：肌のバリアを強化し、乾燥を防ぐ 【使用方法】 ① 使用前にボトルをしっかり振る（オイル層とアンプル層を混ぜるため） ② 適量（2〜3滴）を手のひらに取り、顔全体に優しくなじませる ③ 軽くハンドプレスし、肌になじませる ④ 朝晩のスキンケアに取り入れるとより効果的 【こんな方におすすめ】 ⚪ 40代以上で肌の弾力不足を感じる方 ⚪ 乾燥による小じわやハリ不足が気になる方 ⚪ エイジングケアを始めたい方 ⚪ 紫外線や外部刺激から肌を守りたい方 【まとめ】 ILLONのYELLOW SIGNAL BOOSTERは、エイジングケアに特化したブースター。コエンザイムQ10配合の2層式処方で、肌のバリア機能を整えながら、弾力とツヤを与えます。 毎日のスキンケアにプラスするだけで、年齢を感じさせない健やかな肌へ。美しさを守る新習慣、始めてみませんか？","in stock","new","10753 JPY","https://aimer12.base.shop/items/137361630","https://baseec-img-mng.akamaized.net/images/item/origin/e113fac2e3a8df4f7ac97eedf655606a.png?imformat=generic&q=90&im=Resize,width=1200,type=normal","","illon","illon",""
"137361408","iLLON LOGBIOME SOOTHING CREAM （イロン ログバイオーム スージングクリーム) 70g","【本社の意向により、こちらの商品はサロン専売品のため、店頭価格より高く設定されています】 LOGBIOME SOOTHING CREAM｜ログバイオーム スージングクリーム 【LOGBIOME SOOTHING CREAM｜しわ改善と肌バリア強化を叶える乳酸菌クリーム】 LOGBIOME SOOTHING CREAM（ログバイオーム スージングクリーム）は、しわ改善と肌バリア強化をサポートする、ILLON（イロン）のマイクロバイオーム技術を活かしたクリームです。 乾燥や刺激による肌トラブルに悩む方に向けて、肌の免疫バランスを整え、外部刺激から保護します。 【特徴】 ✔ 肌バリアを強化し、しわ改善：乳酸菌由来成分が肌のバリア機能を高め、小じわや乾燥ジワを防ぎます。 ✔ 炎症を抑え、肌トラブルを軽減：有害菌の発生を抑制し、肌を健康な状態に整えます。 ✔ しっとりとしたうるおい感：独自のバイオーム成分が水分を閉じ込め、乾燥から肌を守ります。 ✔ 刺激の少ない処方：敏感肌の方でも使いやすい低刺激処方。 【主成分と効果】 ✅ プロバイオティクス（乳酸菌成分）：肌の免疫力を強化し、バリア機能を向上。 ✅ プレバイオティクス：有益菌のエサとなり、健康的な肌環境をサポート。 ✅ ポストバイオティクス：乳酸菌代謝産物が肌を落ち着かせ、抗炎症作用を発揮。 ✅ ナイアシンアミド（ビタミンB3）：メラニンの生成を抑え、透明感のある肌へ導く。 ✅ パンテノール（プロビタミンB5）：肌の水分保持力を高め、乾燥による小じわを防ぐ。 【使用方法】 ① スキンケアの最後に、適量を手に取ります。 ② 顔全体にやさしくなじませ、特に乾燥が気になる部分には重ね塗り。 ③ 朝・夜どちらでも使用可能。紫外線ダメージが気になる方は日中も使用推奨。 【こんな方におすすめ】 ⚪ しわや乾燥による肌老化が気になる方 ⚪ 肌のバリア機能を強化し、刺激に負けない肌を目指したい方 ⚪ 敏感肌で刺激の少ないスキンケアを探している方 ⚪ 乳酸菌の力で肌の健康を維持したい方 【まとめ】 LOGBIOME SOOTHING CREAMは、しわ改善と肌バリア強化を両立する革新的な乳酸菌クリーム。 毎日のスキンケアに取り入れることで、乾燥や刺激に負けない、健康的な肌へと導きます。 自然なうるおいをキープしながら、未来の美肌を育む新しい習慣を始めましょう。","in stock","new","9488 JPY","https://aimer12.base.shop/items/137361408","https://baseec-img-mng.akamaized.net/images/item/origin/90ae6d6c145190df16b24f1e6fc4663f.jpg?imformat=generic&q=90&im=Resize,width=1200,type=normal","https://baseec-img-mng.akamaized.net/images/item/origin/1fd94120ae488ac640adb6de4819824a.jpg?imformat=generic&q=90&im=Resize,width=1200,type=normal,https://baseec-img-mng.akamaized.net/images/item/origin/70491f67473f9326fbedb89998c843d1.jpg?imformat=generic&q=90&im=Resize,width=1200,type=normal","illon","illon",""
"137361038","iLLON MINERON CREAM（イロン ミネロンクリーム）70g","【本社の意向により、こちらの商品はサロン専売品のため、店頭価格より高く設定されています】 MINERON CREAM｜ILLON（イロン）ミネロンクリーム 【MINERON CREAM｜しわ改善をサポートするミネラル配合クリーム】 MINERON CREAM（ミネロンクリーム）は、ミネラル（マグネシウム）を配合し、肌のバリア機能を整えながら、しわ改善をサポートする高機能クリームです。乾燥による小じわや外部刺激を受けた肌を優しくケアし、ハリと潤いのある健やかな肌へ導きます​。 【特徴】 ✔ ミネラル（マグネシウム）配合 – 肌の健康を維持し、バリア機能を強化 ✔ しわ改善 & 美白の二重機能性 – 乾燥による小じわをケアし、明るい肌へ ✔ 肌の鎮静 & 保湿 – 外部刺激を受けた肌を整え、長時間うるおいをキープ ✔ 施術後の肌ケア – ピーリング・レーザー後の敏感な肌にも使用可能 【主成分と効果】 ✅ ミネラル（マグネシウム） – 肌の水分保持力を高め、バリア機能をサポート ✅ セフィトニックM3 – 肌のキメを整え、弾力を強化 ✅ BLACK ENERGY™ – 肌の老化を防ぐ抗酸化成分 ✅ CERA-BOOSTER V – 肌の水分蒸発を防ぎ、バリアを強化​ 【使用方法】 ① 洗顔後、化粧水で肌を整える ② 適量（パール粒大）を手に取り、顔全体になじませる ③ 特に乾燥やしわが気になる部分には重ね塗り ④ 朝晩のスキンケアの最後に使用 【こんな方におすすめ】 ⚪ しわやハリ不足が気になる方 ⚪ 乾燥肌・敏感肌の方 ⚪ ピーリング・レーザー後のケアが必要な方 【まとめ】 MINERON CREAMは、肌を守りながらしわ改善をサポートするクリーム。毎日のケアに取り入れ、ハリと潤いのある健康的な肌を実感してください​。","in stock","new","10120 JPY","https://aimer12.base.shop/items/137361038","https://baseec-img-mng.akamaized.net/images/item/origin/698404ea43d5fc722a190a9f39002e4b.png?imformat=generic&q=90&im=Resize,width=1200,type=normal","https://baseec-img-mng.akamaized.net/images/item/origin/5732a0a89531ae5a35f12e244982a1b7.jpg?imformat=generic&q=90&im=Resize,width=1200,type=normal,https://baseec-img-mng.akamaized.net/images/item/origin/d27f80994e51b78e678cf092a2c6964d.jpg?imformat=generic&q=90&im=Resize,width=1200,type=normal","illon","illon",""
"137360697","iLLON TRIPLE COLLAGEN CONTROL CREAM（イロン トリプル コラーゲン コントロール クリーム）70g","【本社の意向により、こちらの商品はサロン専売品のため、店頭価格より高く設定されています】 ILLON（イロン）トリプル コラーゲン コントロール クリーム 【TRIPLE COLLAGEN CONTROL CREAM｜3種のコラーゲンでハリと輝きを与える高機能クリーム】 TRIPLE COLLAGEN CONTROL CREAMは、3種類の植物性低分子コラーゲンを配合し、肌にハリと潤いを与える高機能クリームです。年齢とともに減少するコラーゲンを補い、弾力を高めながら、しわやくすみを改善。顔だけでなく、首やボディのスキンケアにも使える万能アイテムです。 【特徴】 ✔ 3種類の低分子コラーゲン配合 ✔ 美白＆しわ改善のW機能性 ✔ 顔・首・ボディに使用可能 ✔ 高濃縮の栄養クリームとしても活躍 ✔ 吸収の良い植物性コラーゲンでしっとりとした仕上がり​ 【主成分と効果】 ✅ チアシードコラーゲン：肌への浸透性が高く、ハリと弾力をサポート​ ✅ リアラーゲン：酵母由来のコラーゲンで、肌の修復を促進​ ✅ ニンジン由来ペプチド：天然の糖タンパク質が肌の保湿力を強化し、乾燥から守る​ ✅ ナイアシンアミド（ビタミンB3）：肌の明るさを向上し、メラニンの生成を抑制​ ✅ アデノシン：コラーゲンの生成をサポートし、しわの改善に効果的​ ✅ パンテノール（ビタミンB5）：水分を引き寄せ、肌のバリア機能を強化​ 【使用方法】 ① スキンケアの最後に適量を手に取る ② 顔・首・ボディに優しくなじませる ③ マッサージしながら浸透させることで、リフトアップ効果をサポート ④ シャワー後のマッサージクリームとしても使用可能​ 【こんな方におすすめ】 ⚪︎ ハリや弾力の低下が気になる方 ⚪︎ 首やボディのしわ・乾燥が気になる方 ⚪︎ 肌に栄養を与えたい方 ⚪︎ 吸収の良いコラーゲンクリームを探している方​ 【まとめ・結論】 TRIPLE COLLAGEN CONTROL CREAMは、植物性の低分子コラーゲンを贅沢に配合し、肌の弾力・ハリ・保湿を同時に叶えるクリームです。顔だけでなく、首やボディにも使えるため、エイジングケアの新定番としておすすめ。毎日のスキンケアに取り入れて、若々しく弾む肌を目指しましょう。","in stock","new","8855 JPY","https://aimer12.base.shop/items/137360697","https://baseec-img-mng.akamaized.net/images/item/origin/6b71ce5117b903c4336be307e25c3a73.jpg?imformat=generic&q=90&im=Resize,width=1200,type=normal","https://baseec-img-mng.akamaized.net/images/item/origin/d040f2fdae9fa2a0c8b18d0e7aba7445.jpg?imformat=generic&q=90&im=Resize,width=1200,type=normal,https://baseec-img-mng.akamaized.net/images/item/origin/52d1e113ff6a6a8196df38963ed9a3dd.jpg?imformat=generic&q=90&im=Resize,width=1200,type=normal","illon","illon",""
"137360453","iLLON DANGGI CLENSING MILK （イロン クレンジングミルク ）200ml","ILLON DANGGI CLEANSING MILKILLON｜（イロン） クレンジングミルク 【肌の基礎を整える低刺激クレンジング】 毎日の洗顔が、肌のコンディションを左右する大切なステップです。「DANGGI CLEANSING MILK（ダンギ クレンジングミルク）」は、肌に必要なうるおいを残しながら、メイクや老廃物をしっかり落とすミルクタイプのクレンザー。 微酸性で肌のバリアを守りながら、洗顔後のつっぱり感を抑え、しっとりとした肌へ導きます。乾燥が気になる方や敏感肌の方にもおすすめのクレンジングミルクです。 【特徴】 ✔ 微酸性（pH5.95）：肌のバリアを守りながら優しくクレンジング ✔ ヒアルロン酸合成を促進：水分を肌にキープし、洗顔後の乾燥を防ぐ ✔ 低刺激で敏感肌にも対応：肌を保護しながら不要な汚れをしっかり除去 ✔ 当帰（ダンギ）抽出物配合：水分保持力を高め、肌の基礎体力をサポート ✔ 天然由来の界面活性剤を使用：肌への刺激を抑えながら優しく汚れを落とす 【主成分と効果】 ✅真当帰（ダンギ）抽出物：ヒアルロン酸の生成を促進し、肌の水分貯蔵力を強化 ✅ セラミドNP：肌のバリア機能をサポートし、水分蒸発を防ぐ ✅ テカバイオーム（特許成分）：有益菌を活性化し、肌の免疫力を強化 ✅ ブルーコンプレックス（特許成分）：肌の保湿力を高め、しっとりとした仕上がりに ✅ ツボクサエキス：肌の炎症を抑え、鎮静効果を発揮 【使用方法】 ① 適量（2～3プッシュ）を手に取る ② 乾いた肌に優しくなじませ、メイクや汚れとよくなじませる ③ ぬるま湯で丁寧に洗い流す ④ W洗顔が必要な場合は「DANGGI CLEANSING GEL」との併用がおすすめ 【こんな方におすすめ】 ⚪ 乾燥肌・敏感肌で、洗顔後のつっぱり感が気になる方 ⚪ クレンジング後も肌のしっとり感をキープしたい方 ⚪ 肌のバリア機能を守りながら、優しくメイクを落としたい方 ⚪ 微酸性のスキンケアを取り入れたい方 ⚪ 天然由来の成分にこだわりたい方 【まとめ】 洗顔後の肌の乾燥を防ぎながら、汚れをしっかり落とす低刺激のクレンジングミルクです。 当帰（ダンギ）抽出物やセラミドNPなどの成分が、肌のバリアをサポートし、水分をキープすることで、健康的な肌を育みます。 毎日のスキンケアのファーストステップとして、肌をいたわるクレンジングを取り入れませんか？ 真当帰（ダンギ）とは 真当帰（ダンギ）（学名: Angelica gigas）は、セリ科の多年草で、主に韓国や中国、日本で伝統的に使用されてきた薬用植物です。「女性の人参」や「天使の薬剤」とも呼ばれ、血液の循環促進やホルモンバランスの調整に優れた効果があることで知られています​。 真当帰（ダンギ）の主な効能 ♦︎ ヒアルロン酸の生成促進 - 肌の水分貯蔵力を向上させ、保湿効果を高める ♦︎ 血液循環の促進 - 血流を改善し、肌のトーンを整え、健康的な輝きをもたらす ♦︎ 肌の鎮静・抗炎症作用 - ニキビや肌荒れ、炎症を和らげ、健康な肌を保つ ♦︎ 美白・色素沈着緩和 - メラニンの生成を抑え、シミやくすみの予防に効果的 ♦︎ 免疫力の向上 - 皮膚のバリア機能を強化し、外部刺激や有害物質から肌を保護 ♦︎ 抗酸化作用 - 活性酸素を抑え、肌の老化を防ぐ 真当帰（ダンギ）の伝統的な活用 ✅ 韓医学や漢方では、女性の健康維持（生理不順、更年期障害の緩和）や、血行促進のために使用 ✅ 皮膚科では、トラブル肌の改善やエイジングケア成分として注目 ✅ スキンケア製品では、クレンジング・化粧水・クリームなどに配合され、肌のバリア機能を高める スキンケアにおけるDANGGI（真当帰） THE iLLONのDANGGIシリーズでは、肌の基礎体力を強化し、洗顔後の水分損失を防ぐために、真当帰抽出物を配合。特にDANGGI CLEANSING MILKでは、肌のバリアを守りながら、汚れだけを優しく落とす処方となっています​。 ✔ 「洗顔後もしっとり感をキープ」 ✔ 「外部刺激に負けない肌づくり」 ✔ 「乾燥・敏感肌をやさしく守る」 真当帰（ダンギ）は、単なる植物エキスではなく、肌の健康を根本から支える成分として、スキンケアに欠かせない存在です。","in stock","new","8223 JPY","https://aimer12.base.shop/items/137360453","https://baseec-img-mng.akamaized.net/images/item/origin/9e60f5f88cb2212c165a804fa79513ae.jpg?imformat=generic&q=90&im=Resize,width=1200,type=normal","https://baseec-img-mng.akamaized.net/images/item/origin/b83b6d18101fb490097ae5e0cc488e71.jpg?imformat=generic&q=90&im=Resize,width=1200,type=normal,https://baseec-img-mng.akamaized.net/images/item/origin/5bbce51539f9d6d19379cb5daf3b3d13.jpg?imformat=generic&q=90&im=Resize,width=1200,type=normal,https://baseec-img-mng.akamaized.net/images/item/origin/2007a8d6a466984d1f636dd4883b9515.jpg?imformat=generic&q=90&im=Resize,width=1200,type=normal","illon","illon",""
"137360223","iLLON DANGGI BUBBLE TONER (イロン ダンギ バブル トナー）200ml","【本社の意向により、こちらの商品はサロン専売品のため、店頭価格より高く設定されています】 【DANGGI BUBBLE TONER｜微酸性バブルが肌を守る新感覚トナー】 DANGGI BUBBLE TONER（ダンギ バブルトナー）は、ILLON（イロン）が開発した微酸性のウォータータイプ化粧水です。洗顔後の乾燥しがちな肌をやさしく包み込み、潤いをしっかりキープ。密度の高い泡が肌の摩擦を軽減しながら、栄養成分をスムーズに届け、健康的なpHバランスを保ちます。スキンパックやバブルパックとしても使用できる、多機能トナーです。 【特徴】 ✔ 水分ロック化粧水：肌の水分をしっかり保持し、乾燥を防ぐ ✔ 微酸性（pH5.77）：健康な肌バリアを守るやさしい処方 ✔ バブルテクスチャー：泡が肌の摩擦を軽減し、負担なくケア ✔ 多用途に使用可能：スキンパック・バブルパック・トナーパッドとして活用可能 【主成分と効果】 ✅ 真当帰（ダンギ）抽出物：ヒアルロン酸の生成を促進し、肌の潤いをキープ ✅ セラミドNP：肌バリアを強化し、外部刺激から守る ✅ テカ-バイオーム：肌の有益菌を活性化し、健やかな肌環境をサポート ✅ ブルーコンプレックス（特許成分）：抗酸化作用で肌を健康に保つ ✅ ツボクサエキス＆アークゼロ（特許成分）：抗炎症作用で敏感肌を落ち着かせる 【使用方法】 ① 洗顔後、手またはコットンに適量を取り、肌になじませる。 ② 乾燥が気になる場合は、2～3回レイヤリングして使用。 ③ スキンパックとして使用する場合は、コットンやガーゼに浸し、数分間パック。 ④ バブルパックとしては、泡を直接肌にのせ、しばらく置いてなじませる。 【こんな方におすすめ】 ⚪ 洗顔後のつっぱりが気になる方 ⚪ 肌の摩擦を減らしながらスキンケアしたい方 ⚪ 水分不足による乾燥やくすみが気になる方 ⚪ 敏感肌で低刺激なトナーを探している方 【まとめ】 DANGGI BUBBLE TONERは、泡の力でやさしく肌を包み込み、水分と栄養をしっかり届ける革新的な化粧水。洗顔後の乾燥を防ぎながら、肌本来のバリア機能をサポートします。バブルトナーならではのなめらかな使い心地で、毎日のスキンケアをワンランクアップさせましょう！","in stock","new","7337 JPY","https://aimer12.base.shop/items/137360223","https://baseec-img-mng.akamaized.net/images/item/origin/9277b95b169280cd7b5a431b6b2a5f3f.png?imformat=generic&q=90&im=Resize,width=1200,type=normal","https://baseec-img-mng.akamaized.net/images/item/origin/ffffd5978cffb61c0d782be264633ec3.jpg?imformat=generic&q=90&im=Resize,width=1200,type=normal,https://baseec-img-mng.akamaized.net/images/item/origin/0ba3a882654100617aaef8e3316dacd7.jpg?imformat=generic&q=90&im=Resize,width=1200,type=normal,https://baseec-img-mng.akamaized.net/images/item/origin/5043c1903720826542ef07f83be1258d.jpg?imformat=generic&q=90&im=Resize,width=1200,type=normal","illon","illon",""
"137360008","iLLON DANGGI CLEANSING GEL (イロン ダンギ クレンジングジェル) 200ml","DANGGI CLEANSING GEL｜ダンギ クレンジングジェル 【DANGGI CLEANSING GEL｜低刺激＆微酸性のジェルクレンジング】 毎日のクレンジングで、肌に必要なうるおいまで奪っていませんか？ DANGGI CLEANSING GEL（ダンギ クレンジングジェル）は、肌にやさしい微酸性で洗顔後もしっとり感をキープするクレンジングジェル。 真当帰（ダンギ）抽出物配合で、ヒアルロン酸の生成を促進しながら汚れをしっかり落とします。 敏感肌やニキビ肌の方にもおすすめの、低刺激な洗顔料です​。 【特徴】 ✔ 微酸性（pH6.08）で肌にやさしい ✔ きめ細かい泡が肌を包み込み、摩擦を最小限に ✔ メイクや老廃物をしっかり落としつつ、水分はキープ ✔ ニキビや肌トラブルが気になる方に最適 ✔ 女性清潔剤やシェービングフォームとしても活用可能​。 【主成分と効果】 ✅ 真当帰（ダンギ）抽出物：肌の水分保持力を高め、ハリを与える ✅ セラミドNP：肌のバリア機能を強化し、乾燥を防ぐ ✅ テカ-バイオーム：肌の善玉菌を活性化し、肌環境を整える ✅ ツボクサエキス（CICA）：肌荒れを防ぎ、鎮静効果を発揮 ✅ アークゼロ（特許成分）：外部刺激から肌を守る​。 【使用方法】 ① 適量（1プッシュ程度）を手のひらに取る ② 少量の水を加え、よく泡立てる ③ 顔全体をやさしくマッサージするように洗う ④ ぬるま湯でしっかりすすぐ ⚠ 皮脂が多い方やニキビが気になる方は、DANGGI CLEANSING MILKとのダブル洗顔もおすすめ​。 【こんな方におすすめ】 ⚪ 敏感肌・乾燥肌の方 ⚪ ニキビや肌トラブルが気になる方 ⚪ 優しく汚れを落としたい方 ⚪ 洗顔後のつっぱりが気になる方 ⚪ 肌のバリア機能を守りながら洗顔したい方 【まとめ】 DANGGI CLEANSING GELは、肌にやさしい微酸性のジェルタイプのクレンジング。 洗浄力と保湿力を兼ね備え、肌トラブルを防ぎながら毎日のスキンケアをサポートします。 洗顔後のしっとり感を求める方や、敏感肌の方にぴったりのクレンジングです。 毎日のクレンジングを肌にやさしい習慣に変えてみませんか？​","in stock","new","7843 JPY","https://aimer12.base.shop/items/137360008","https://baseec-img-mng.akamaized.net/images/item/origin/633dbf7023151bf33e82dedf817eccf7.png?imformat=generic&q=90&im=Resize,width=1200,type=normal","https://baseec-img-mng.akamaized.net/images/item/origin/2370f2145b2d58e2438134ddcb8d73f8.jpg?imformat=generic&q=90&im=Resize,width=1200,type=normal,https://baseec-img-mng.akamaized.net/images/item/origin/72bbb2bca44cf028e9bf6edd0a5906bd.jpg?imformat=generic&q=90&im=Resize,width=1200,type=normal","illon","illon",""
"118268926","HAAB plus UV BODY パーフェクション","全身用日焼け止めクリーム SPF45 PA++ 全身を紫外線から保護して美肌ボディに導く 「HAABUVボディーバーフェクション」が誕生!! 美容保湿成分を贅沢に配合した、肌をしっかりと 保湿する美容液タイプの日焼け止め。白浮きせず、 しっとりするのにべたつかないストレスフリーな 敏感なお肌にも使用できるため、 ボディーのHAABREPROの施術後にも最適 ●高い紫外線カット力 UV-A波 UV-B波をしっかり吸収し、紫外線ダメージから 肌を保護。 ●敏感肌でも使用できる低刺激処方 お肌の弱い方や敏感肌の方にもお使いいただけるように、 マイクロカプセル化した紫外線吸収剤を使用。 ●高い美容効果 ヒアルロン数やコラーゲンなどの高保湿成分や、批炎症成 分、美白成分がたっぷり配合。 ●肌バリアサポート スクワラン配合で、外的削激や乾燥から肌を守り、健やか な肌をキープ。 ●心地よい使用感とローズの香り 伸びの良いミルクタイプでベタつかず、ダマスクローズの 香りで癒されます。 ￥8,800(税込) ●こんな方にオススメ● ·敏感肌 ·乾燥肌 ㆍ肌質改善したい方 ・ニキビでお悩みの方 刺激に強い肌にしたい方 ㆍ日中外にいる方 美白をしたい方 ・老化を予防したい方","in stock","new","8800 JPY","https://aimer12.base.shop/items/118268926","https://baseec-img-mng.akamaized.net/images/item/origin/a25762eb6ebab69d449c6402cbf29a05.jpg?imformat=generic&q=90&im=Resize,width=1200,type=normal","https://baseec-img-mng.akamaized.net/images/item/origin/4903ff3bebf925a7754503ee7a314877.jpg?imformat=generic&q=90&im=Resize,width=1200,type=normal,https://baseec-img-mng.akamaized.net/images/item/origin/6c9d38b564ab4824c3de0dd9dedf774e.jpg?imformat=generic&q=90&im=Resize,width=1200,type=normal","Aimer","",""
"116543096","ボタニカルスーティングトナー250ml","施術後の鎮静に効果がある化粧水です。 施術後から剥離が始まるまでの間は肌が不安定なので、トナーでたっぷりと保湿と影響の供給を行う事が大切です。 ⚫HAAB REPROの施術をしたお客様や、荒れているお肌の方はまず、この化粧水をオススメ致します ※アラントインが含まれているため、小さい傷や皮膚トラブルのあるところ、ホルモンバランスや抵抗力が下がっているところがピリピリする現象が起こります。 化粧水を継続使用することでも状態は改善していきます。 ノンアルコールで眼の周りにも使用出来ます。 炎症、乾燥、引き締め、老化 等様々な肌に対応します。 【主要成分】 ラベンダー・アラントイン 皮膚の細胞再生を促進、鎮静効果、ローズウォーター 乾燥した皮膚への栄養補給、鎮静効果 250mL","in stock","new","10560 JPY","https://aimer12.base.shop/items/116543096","https://baseec-img-mng.akamaized.net/images/item/origin/7985324d546d56efbf39972005b0eca0.jpg?imformat=generic&q=90&im=Resize,width=1200,type=normal","","HAAB","HAAB > HAAB REPRO(ハーブリプロ)","members_only"
"116543255","コエンザイムスーティングゲル50ml","コエンザイムQ10が贅沢に含まれているコエンザイム スーティングゲルでお肌に酸素をチャージします。 皮膚に強力な酸素を供給して 細胞の新陳代謝を促進します。 細胞再生を促進、細胞間結合を再構成して、 皮膚に活力を与えます。 手や甲などの老化が進んでいる部分に共に使用できます！ 【主要成分】 水添レシチンは保湿効果に優れ、皮膚を柔らかくする効果があります。 緑茶抽出物 カテキンが含まれており、皮膚本来の弾力回復を助けます。 50mL","in stock","new","13200 JPY","https://aimer12.base.shop/items/116543255","https://baseec-img-mng.akamaized.net/images/item/origin/36018187897ed8da93eb95f540e2dc03.jpg?imformat=generic&q=90&im=Resize,width=1200,type=normal","https://baseec-img-mng.akamaized.net/images/item/origin/67fac97606f15798f6b81cd8648ad1ea.jpg?imformat=generic&q=90&im=Resize,width=1200,type=normal","HAAB","HAAB > HAAB REPRO(ハーブリプロ)","members_only"
"116543330","リバイタライジングセラム50ml","【期間限定1000円OFF】 主要成分 ペパーミント 洗浄効果、鎮静と殺菌、活力を与える ユーカリ葉エキス 皮脂のバランスを調整、トラブルケアに効果的、殺菌作用、皮膚の免疫力強化 商品説明 施術直後の鎮静効果とホームケアでの保湿効果があります。 分子レベルの低い(細かい)セラムは肌への浸透率がよく、リジェネレーションクリームだけでは乾燥を補えない場合の必須アイテムとなります。 角質や老廃物を溶解させるのが大きな特徴で、その効果により栄養成分、保湿成分が浸透しやすくなります。 鎮静しながら保湿することで施術後の赤みのトラブルを回避させます。 使用方法 リバイタライジングセラムを洗顔後1番最初にお肌全体に塗布します。","in stock","new","13530 JPY","https://aimer12.base.shop/items/116543330","https://baseec-img-mng.akamaized.net/images/item/origin/5712f5ed74009f62c14b0975457336b6.jpg?imformat=generic&q=90&im=Resize,width=1200,type=normal","","HAAB","HAAB > HAAB REPRO(ハーブリプロ)","members_only"
"116547248","クイックパフォーマンス30ml","CHRISTINA UNSTRESS クイックパフォーマンス 30ml 肌の赤みや炎症を素早く落ち着かせる即効性のある鎮静クリーム。 ストレスや外的刺激で敏感になった肌をやさしく保護し、健やかな状態へ整えます。 ⸻ 特徴 • 即効鎮静効果：赤みや刺激をすばやくケア • 天然由来成分配合：肌を落ち着かせ、健やかに保つ • 保護バリア機能：外的ストレスから肌を守り、トラブルを予防 • 敏感肌対応：デリケートな肌質でも使いやすい処方 ⸻ このような方におすすめ • 急な赤みや刺激に悩んでいる方 • 肌荒れや炎症を早く落ち着かせたい方 • 敏感肌やストレスによるトラブルを防ぎたい方 • 常備用の鎮静クリームを探している方 ⸻ 使用方法 気になる部分に少量をやさしくなじませてください。 必要に応じて繰り返し使用可能です。日中も使用できます。 ⸻ 商品詳細 • 内容量：30ml • ブランド：CHRISTINA（クリスティーナ） • ライン：UNSTRESS（アンストレス） • 原産国：イスラエル ⸻ クイックパフォーマンスは「天然のステロイド」とも呼ばれる即効鎮静クリーム。 常備しておくことで、肌トラブル時にすぐに頼れるケアアイテムです。 ※クリスティーナはカウンセリングの必要な化粧品になりますので、初回ご購入の方は【カウンセリング希望】と公式LINEにメッセージをください♡","in stock","new","14300 JPY","https://aimer12.base.shop/items/116547248","https://baseec-img-mng.akamaized.net/images/item/origin/8de045bfb8641595cd1be29fe1890287.jpg?imformat=generic&q=90&im=Resize,width=1200,type=normal","https://baseec-img-mng.akamaized.net/images/item/origin/6b44831c6a1fb91cbaecd5d271999c49.jpg?imformat=generic&q=90&im=Resize,width=1200,type=normal,https://baseec-img-mng.akamaized.net/images/item/origin/548430bd0ac9cd6b7ef1efcf0ae4bb46.jpg?imformat=generic&q=90&im=Resize,width=1200,type=normal,https://baseec-img-mng.akamaized.net/images/item/origin/691e6140c778bb12a224d6ea4cd9dfe2.jpg?imformat=generic&q=90&im=Resize,width=1200,type=normal","CHRISTINA","CHRISTINA > UNSTRESS(アンストレス)",""
"116547225","ハーモナイジングナイトクリームフォーアイ&ネック30ml","CHRISTINA UNSTRESS ハーモナイジング ナイトクリーム フォー アイ＆ネック 30ml ストレスや外的ダメージを受けやすい目元と首元を、眠っている間に集中ケアする夜用クリーム。 うるおいと栄養をたっぷり補給し、ハリと弾力をサポートして若々しい印象へ導きます。 ⸻ 特徴 • 集中保湿：乾燥しやすい目元と首元をしっとりなめらかに整える • ハリ・弾力ケア：ふっくら感を与え、年齢サインにアプローチ • 鎮静作用：ストレスや外的刺激で敏感になった肌を落ち着かせる • ナイトリペア：睡眠中に肌環境を整え、翌朝はすっきりした印象に ⸻ このような方におすすめ • 目元や首元の乾燥・小ジワが気になる方 • ハリや弾力不足を感じている方 • ストレスや外的ダメージに負けない肌を保ちたい方 • 夜の集中ケアで若々しい印象を目指したい方 ⸻ 使用方法 夜、洗顔・化粧水・美容液で整えた後、適量を目元や首元にやさしくなじませてください。 下から上に引き上げるようにマッサージするとより効果的です。 ⸻ 商品詳細 • 内容量：30ml • ブランド：CHRISTINA（クリスティーナ） • ライン：UNSTRESS（アンストレス） • 原産国：イスラエル ⸻ ハーモナイジング ナイトクリーム フォー アイ＆ネックは、夜の間にデリケートな部分を修復・保湿する集中クリーム。 翌朝はふっくらとしたハリと透明感を感じられる目元・首元をサポートします。 ※クリスティーナはカウンセリングの必要な化粧品になりますので、初回ご購入の方は【カウンセリング希望】と公式LINEにメッセージをください♡","in stock","new","12100 JPY","https://aimer12.base.shop/items/116547225","https://baseec-img-mng.akamaized.net/images/item/origin/d8c1695e54d26a5432a876712b140865.jpg?imformat=generic&q=90&im=Resize,width=1200,type=normal","https://baseec-img-mng.akamaized.net/images/item/origin/db4a8450317d372a6fdf4a58b9c9e437.jpg?imformat=generic&q=90&im=Resize,width=1200,type=normal","CHRISTINA","CHRISTINA > UNSTRESS(アンストレス)",""
"116547151","プロバイオティックデイクリームフォーアイ&ネックSPF12 30ml","CHRISTINA UNSTRESS プロバイオティック デイクリーム フォー アイ＆ネック SPF12 30ml デリケートな目元と首元を紫外線や外的ストレスから守りながら、うるおいとハリを与える日中用クリーム。 SPF12配合で日常紫外線からやさしく保護し、しっとりと若々しい印象をキープします。 ⸻ 特徴 • プロバイオティクス配合：肌環境を整え、バリア機能をサポート • SPF12：日常生活レベルの紫外線から肌をガード • 保湿＆ハリ感アップ：乾燥を防ぎ、ふっくらとした印象へ • 目元・首元専用設計：年齢サインが出やすい部分を集中的にケア ⸻ このような方におすすめ • 目元や首元の乾燥や小ジワが気になる方 • 紫外線や外的刺激からやさしく守りたい方 • 日中もハリやうるおいをキープしたい方 • 敏感に傾きやすい肌を健やかに保ちたい方 ⸻ 使用方法 朝、洗顔・化粧水・美容液で整えた後に、目元や首元へ適量をやさしくなじませてください。 日中のUV対策として毎日ご使用いただけます。 ⸻ 商品詳細 • 内容量：30ml • ブランド：CHRISTINA（クリスティーナ） • ライン：UNSTRESS（アンストレス） • 原産国：イスラエル ⸻ プロバイオティック デイクリーム フォー アイ＆ネック SPF12は、日常紫外線からやさしく守りながらうるおいとハリを与える日中用クリーム。 デリケートな目元・首元をケアし、明るく健やかな印象をサポートします。 ※クリスティーナはカウンセリングの必要な化粧品になりますので、初回ご購入の方は【カウンセリング希望】と公式LINEにメッセージをください♡","in stock","new","12100 JPY","https://aimer12.base.shop/items/116547151","https://baseec-img-mng.akamaized.net/images/item/origin/268a693d678a35b49726f185b952f996.jpg?imformat=generic&q=90&im=Resize,width=1200,type=normal","https://baseec-img-mng.akamaized.net/images/item/origin/9f3f8ed1b8ec7ecdde826c5b16a43028.jpg?imformat=generic&q=90&im=Resize,width=1200,type=normal","CHRISTINA","CHRISTINA > UNSTRESS(アンストレス)",""
"116546957","アイ&ネックコンセントレート30ml","CHRISTINA UNSTRESS アイ＆ネック コンセントレート 30ml 乾燥やストレスによるダメージを受けやすい目元と首元を集中ケアする美容液。 うるおいを補給しながら、ハリと弾力をサポートし、若々しい印象へ導きます。 ⸻ 特徴 • 高保湿ケア：デリケートな目元・首元の乾燥を防ぎ、しっとり感をキープ • ハリ・弾力サポート：ふっくらとした若々しい肌印象へ • 透明感アップ：くすみを和らげ、明るい肌へ整える • ストレスケア：外的刺激による肌トラブルを落ち着かせ、健やかに維持 ⸻ このような方におすすめ • 目元や首元の乾燥・小ジワが気になる方 • デリケートな部分にうるおいとハリを与えたい方 • ストレスや外的要因で肌が敏感になりやすい方 • 年齢サインをケアしたい方 ⸻ 使用方法 朝晩、化粧水の後に適量をとり、目の周りや首元になじませてください。 やさしく押し込むように使用するとより効果的です。 ⸻ 商品詳細 • 内容量：30ml • ブランド：CHRISTINA（クリスティーナ） • ライン：UNSTRESS（アンストレス） • 原産国：イスラエル ⸻ アイ＆ネック コンセントレートは、デリケートな部分を集中的に保湿・保護する美容液。 乾燥や年齢サインが気になる方におすすめのケアアイテムです。 ※クリスティーナはカウンセリングの必要な化粧品になりますので、初回ご購入の方は【カウンセリング希望】と公式LINEにメッセージをください♡","in stock","new","14300 JPY","https://aimer12.base.shop/items/116546957","https://baseec-img-mng.akamaized.net/images/item/origin/c00f5fbec2bb026ce72a1d7c8a089cdb.jpg?imformat=generic&q=90&im=Resize,width=1200,type=normal","https://baseec-img-mng.akamaized.net/images/item/origin/65c4597005dcc33af8f265fd40b5f82b.jpg?imformat=generic&q=90&im=Resize,width=1200,type=normal,https://baseec-img-mng.akamaized.net/images/item/origin/9e81dbf9ba781a60ed0a06f2f4bd9b7e.jpg?imformat=generic&q=90&im=Resize,width=1200,type=normal","CHRISTINA","CHRISTINA > UNSTRESS(アンストレス)",""
"116546864","リフレッシングマスク50ml","CHRISTINA UNSTRESS リフレッシング マスク 50ml 乾燥やストレスで疲れた肌にうるおいと栄養を補給する集中ケアマスク。 肌をすこやかに整え、みずみずしい透明感とふっくらとしたハリを取り戻します。週数回のスペシャルケアに最適です。 ⸻ 特徴 • 高保湿効果：角質層まで水分を届け、乾燥によるごわつきを防ぐ • 鎮静作用：ストレスや外的刺激で敏感になった肌を落ち着かせる • 栄養補給：肌に必要な成分を補い、すこやかな状態をキープ • リフレッシュ効果：使用後はすっきりとした明るい印象に ⸻ このような方におすすめ • 肌の乾燥やつっぱり感が気になる方 • 外的ストレスで肌が敏感に傾きやすい方 • ハリや透明感を失いやすい方 • 集中的にうるおい補給をしたい方 ⸻ 使用方法 洗顔後、顔全体に均一に塗布し、10〜15分置いてからぬるま湯で洗い流してください。 週2〜3回の使用がおすすめです。 ⸻ 商品詳細 • 内容量：50ml • ブランド：CHRISTINA（クリスティーナ） • ライン：UNSTRESS（アンストレス） • 原産国：イスラエル ⸻ リフレッシング マスクは、水分不足やストレスで疲れた肌に即効性のあるうるおいと栄養をチャージ。 定期的なケアで、健やかで透明感のある素肌を保ちます。 ※クリスティーナはカウンセリングの必要な化粧品になりますので、初回ご購入の方は【カウンセリング希望】と公式LINEにメッセージをください♡","in stock","new","9900 JPY","https://aimer12.base.shop/items/116546864","https://baseec-img-mng.akamaized.net/images/item/origin/9be3f1a4a796cacf3f56063ac43b5fad.jpg?imformat=generic&q=90&im=Resize,width=1200,type=normal","https://baseec-img-mng.akamaized.net/images/item/origin/9059cea42a8447f010ef2fe16af3a5e4.jpg?imformat=generic&q=90&im=Resize,width=1200,type=normal,https://baseec-img-mng.akamaized.net/images/item/origin/4b93887c3459c164468a11eab778826f.jpg?imformat=generic&q=90&im=Resize,width=1200,type=normal,https://baseec-img-mng.akamaized.net/images/item/origin/519beff6586cb77c0ba9efe4d8880462.jpg?imformat=generic&q=90&im=Resize,width=1200,type=normal","CHRISTINA","CHRISTINA > UNSTRESS(アンストレス)",""
"116546807","ハーモナイジングナイトクリーム50ml","CHRISTINA UNSTRESS ハーモナイジング ナイトクリーム 50ml 眠っている間に肌を修復・再生し、ストレスや外的ダメージを受けた肌を落ち着かせる夜用クリーム。 朝の肌をすっきり整え、うるおいと弾力に満ちた健やかな素肌へ導きます。 ⸻ 特徴 • 肌再生サポート：夜の間に肌の修復を促し、健やかな状態へ • 高保湿効果：乾燥を防ぎ、しっとりふっくらとした仕上がりに • 鎮静作用：敏感になった肌を落ち着かせ、赤みや刺激をケア • エイジングケア：ハリや弾力をサポートし、若々しい印象へ ⸻ このような方におすすめ • 乾燥や敏感肌に悩んでいる方 • ストレスや外的要因で肌トラブルを感じやすい方 • 夜の間にしっかりと肌を修復・保湿したい方 • ハリや弾力を取り戻したい方 ⸻ 使用方法 夜、洗顔・化粧水・美容液で整えた後、適量を顔全体や首元にやさしくなじませてください。 毎晩のご使用がおすすめです。 ⸻ 商品詳細 • 内容量：50ml • ブランド：CHRISTINA（クリスティーナ） • ライン：UNSTRESS（アンストレス） • 原産国：イスラエル ⸻ ハーモナイジング ナイトクリームは「肌再生の万能クリーム」とも呼ばれる夜用集中ケア。 ストレスやダメージで疲れた肌を癒し、翌朝はしっとり健やかな素肌へ導きます。 ※クリスティーナはカウンセリングの必要な化粧品になりますので、初回ご購入の方は【カウンセリング希望】と公式LINEにメッセージをください♡","in stock","new","13200 JPY","https://aimer12.base.shop/items/116546807","https://baseec-img-mng.akamaized.net/images/item/origin/de50e67b9b4af88c1b02f38e614e4cff.jpg?imformat=generic&q=90&im=Resize,width=1200,type=normal","https://baseec-img-mng.akamaized.net/images/item/origin/8f65231b75e10edf4cc1f2f9dbea8610.jpg?imformat=generic&q=90&im=Resize,width=1200,type=normal,https://baseec-img-mng.akamaized.net/images/item/origin/517249c4528b980426c666bb5736e7f3.jpg?imformat=generic&q=90&im=Resize,width=1200,type=normal,https://baseec-img-mng.akamaized.net/images/item/origin/b0f24e0d58e357dbff05235355c74a38.jpg?imformat=generic&q=90&im=Resize,width=1200,type=normal","CHRISTINA","CHRISTINA > UNSTRESS(アンストレス)",""
"116546618","アブソリュートリラクサー30ml","CHRISTINA UNSTRESS アブソリュート リラクサー 30ml ストレスや外的刺激で敏感になった肌をやさしく落ち着かせ、健やかな状態へ導く集中ケア美容液。 乾燥や赤みを防ぎながら、ふっくらとなめらかな素肌を保ちます。 ⸻ 特徴 • 鎮静効果：ストレスや環境ダメージによる赤み・刺激をやさしくケア • 保湿サポート：肌にうるおいを与え、乾燥を防止 • バリア機能強化：外的ストレスから肌を守り、健やかな状態を維持 • エイジングケア：ハリと弾力をサポートし、若々しい印象に ⸻ このような方におすすめ • 肌が敏感に傾きやすい方 • 赤みや刺激が出やすい方 • 乾燥やストレスで疲れた肌をケアしたい方 • 健やかな肌を保ちたい方 ⸻ 使用方法 朝晩、化粧水で整えた後、適量を顔全体になじませてください。 その後にクリームで保湿するとさらに効果的です。 ⸻ 商品詳細 • 内容量：30ml • ブランド：CHRISTINA（クリスティーナ） • ライン：UNSTRESS（アンストレス） • 原産国：イスラエル ⸻ アブソリュート リラクサーは、ストレスや環境要因で敏感になった肌をリセットする集中美容液。 日常的に取り入れることで、落ち着きとハリを兼ね備えた素肌をサポートします。 ※クリスティーナはカウンセリングの必要な化粧品になりますので、初回ご購入の方は【カウンセリング希望】と公式LINEにメッセージをください♡","in stock","new","19800 JPY","https://aimer12.base.shop/items/116546618","https://baseec-img-mng.akamaized.net/images/item/origin/8b1c2ed2ad71b5cb018afa4004e8a6c0.jpg?imformat=generic&q=90&im=Resize,width=1200,type=normal","https://baseec-img-mng.akamaized.net/images/item/origin/bbb508cb3eb3dda2ff3c7b83ad5255e5.jpg?imformat=generic&q=90&im=Resize,width=1200,type=normal,https://baseec-img-mng.akamaized.net/images/item/origin/933c74064e6c69e0456b875feeeaacea.jpg?imformat=generic&q=90&im=Resize,width=1200,type=normal,https://baseec-img-mng.akamaized.net/images/item/origin/d0246d297f61a78551884dd912e10e93.jpg?imformat=generic&q=90&im=Resize,width=1200,type=normal","CHRISTINA","CHRISTINA > UNSTRESS(アンストレス)",""
"116546500","スタビライジングトナー300ml","CHRISTINA UNSTRESS スタビライジング トナー 300ml 敏感に傾いた肌をやさしく整え、うるおいを与えるアルコールフリーの化粧水。 洗顔後の肌を落ち着かせ、次に使うスキンケアの浸透をサポートします。 ⸻ 特徴 • 鎮静作用：ストレスや外的刺激で敏感になった肌をやさしくケア • 高保湿処方：うるおいを補給し、乾燥を防いでしっとり肌に • バリア機能サポート：肌を健やかに整え、環境ダメージから守る • アルコールフリー：敏感肌や乾燥肌にも安心して使えるやさしい使用感 ⸻ このような方におすすめ • 敏感肌や赤みが出やすい方 • 洗顔後のつっぱり感が気になる方 • 乾燥や外的ストレスで肌が不安定になりやすい方 • デリケートな肌をやさしく整えたい方 ⸻ 使用方法 洗顔後、コットンまたは手に適量を取り、顔全体と首元になじませてください。 朝晩のスキンケアにお使いいただけます。 ⸻ 商品詳細 • 内容量：300ml • ブランド：CHRISTINA（クリスティーナ） • ライン：UNSTRESS（アンストレス） • 原産国：イスラエル ⸻ スタビライジング トナーは、ゆらぎやすい肌を落ち着かせて健やかに保つ化粧水。 敏感肌の方にも安心して使える、やさしいスキンケアのファーストステップです。 ※クリスティーナはカウンセリングの必要な化粧品になりますので、初回ご購入の方は【カウンセリング希望】と公式LINEにメッセージをください♡","in stock","new","7700 JPY","https://aimer12.base.shop/items/116546500","https://baseec-img-mng.akamaized.net/images/item/origin/fcc22b858e89e9bff29a12609486305d.jpg?imformat=generic&q=90&im=Resize,width=1200,type=normal","https://baseec-img-mng.akamaized.net/images/item/origin/7e2dc47f0243b6845e28a4a3c3d17b50.jpg?imformat=generic&q=90&im=Resize,width=1200,type=normal,https://baseec-img-mng.akamaized.net/images/item/origin/2b8c76629c2f8f619c0ad3b72548121c.jpg?imformat=generic&q=90&im=Resize,width=1200,type=normal,https://baseec-img-mng.akamaized.net/images/item/origin/f70c0502433e1e36560a73341e2bc177.jpg?imformat=generic&q=90&im=Resize,width=1200,type=normal","CHRISTINA","CHRISTINA > UNSTRESS(アンストレス)",""
"116546465","ジェントルクレンジングミルク300ml","CHRISTINA UNSTRESS ジェントル クレンジング ミルク 300ml 敏感肌にもやさしいミルクタイプのクレンジング。 メイクや汚れをやさしく取り除きながら、肌にうるおいを残し、しっとりなめらかに洗い上げます。 ⸻ 特徴 • 低刺激処方：敏感に傾いた肌をやさしくケア • 保湿効果：洗い流した後もつっぱらず、しっとり感をキープ • 鎮静サポート：外的刺激で敏感になった肌を落ち着かせる • 肌バリアを守る：必要なうるおいを残しながら汚れのみをオフ ⸻ このような方におすすめ • 敏感肌や乾燥肌の方 • メイク落とし後のつっぱり感が気になる方 • やさしいクレンジングを探している方 • 赤みや刺激を起こしやすい方 ⸻ 使用方法 適量を手に取り、顔全体にやさしくマッサージするようになじませてから、ぬるま湯またはコットンで拭き取ってください。 毎日のメイク落とし・洗顔にご使用いただけます。 ⸻ 商品詳細 • 内容量：300ml • ブランド：CHRISTINA（クリスティーナ） • ライン：UNSTRESS（アンストレス） • 原産国：イスラエル ⸻ ジェントル クレンジング ミルクは、敏感な肌を守りながら汚れを落とすスキンケアのファーストステップ。 赤みや乾燥を防ぎ、しっとり健やかな素肌へ導きます。 ※クリスティーナはカウンセリングの必要な化粧品になりますので、初回ご購入の方は【カウンセリング希望】と公式LINEにメッセージをください♡","in stock","new","7700 JPY","https://aimer12.base.shop/items/116546465","https://baseec-img-mng.akamaized.net/images/item/origin/434c071dbcf58a54e4d531bc19964369.jpg?imformat=generic&q=90&im=Resize,width=1200,type=normal","https://baseec-img-mng.akamaized.net/images/item/origin/d7be666336d66954ef2a411107c348b0.jpg?imformat=generic&q=90&im=Resize,width=1200,type=normal,https://baseec-img-mng.akamaized.net/images/item/origin/b5525ef70add843f415ae35289306f79.jpg?imformat=generic&q=90&im=Resize,width=1200,type=normal,https://baseec-img-mng.akamaized.net/images/item/origin/c9aa9f1b73533e5d57d6fab9e3615044.jpg?imformat=generic&q=90&im=Resize,width=1200,type=normal","CHRISTINA","CHRISTINA > UNSTRESS(アンストレス)",""
"116546426","コンフォートクレンジングムース200ml","CHRISTINA UNSTRESS コンフォート クレンジング ムース 200ml ふんわりとした泡でやさしく洗い上げる、敏感肌のための洗顔ムース。 必要なうるおいは守りながら、汚れや余分な皮脂をしっかり落とし、清潔で健やかな素肌へ導きます。 ⸻ 特徴 • 低刺激処方：敏感に傾いた肌もやさしく洗浄 • 保湿サポート：洗顔後もつっぱらず、しっとり感をキープ • 鎮静効果：外的ストレスで敏感になった肌を落ち着かせる • 使いやすい泡タイプ：摩擦を抑えて快適に洗顔可能 ⸻ このような方におすすめ • 敏感肌や乾燥肌で、やさしい洗顔料を求める方 • 洗顔後につっぱりやすい方 • 肌荒れや赤みを防ぎたい方 • しっとり感を残しつつ清潔に洗い上げたい方 ⸻ 使用方法 適量を手に取り、顔全体に泡を広げるようにやさしく洗浄してください。 その後、ぬるま湯でしっかり洗い流してください。朝晩のご使用がおすすめです。 ⸻ 商品詳細 • 内容量：200ml • ブランド：CHRISTINA（クリスティーナ） • ライン：UNSTRESS（アンストレス） • 原産国：イスラエル ⸻ コンフォート クレンジング ムースは、敏感肌にも安心して使える泡タイプの洗顔料。 摩擦を抑えながらやさしく洗い上げ、健やかで落ち着いた素肌を保ちます。 ※クリスティーナはカウンセリングの必要な化粧品になりますので、初回ご購入の方は【カウンセリング希望】と公式LINEにメッセージをください♡","in stock","new","7700 JPY","https://aimer12.base.shop/items/116546426","https://baseec-img-mng.akamaized.net/images/item/origin/e78cb68cc6fbe6eb8676eb502e993b7b.jpg?imformat=generic&q=90&im=Resize,width=1200,type=normal","https://baseec-img-mng.akamaized.net/images/item/origin/7a54782e03605d0979e81694cea354ee.jpg?imformat=generic&q=90&im=Resize,width=1200,type=normal,https://baseec-img-mng.akamaized.net/images/item/origin/e405e38e3726465e6b3cb3099a06919c.jpg?imformat=generic&q=90&im=Resize,width=1200,type=normal,https://baseec-img-mng.akamaized.net/images/item/origin/b7921e1dc916ea26fc0ce7b2e62fb5e3.jpg?imformat=generic&q=90&im=Resize,width=1200,type=normal","CHRISTINA","CHRISTINA > UNSTRESS(アンストレス)",""
"116829405","アンチルージュマスク75ml","CHRISTINA BIOPHYTO アンチルージュマスク 敏感に傾いた肌を落ち着かせ、赤みや刺激をやさしくケアするマスク。 肌のバリア機能を整え、健やかで均一な素肌へ導きます。 ⸻ 特徴成分 • 植物エキスブレンド：肌を鎮静し、赤みや炎症を和らげる • 保湿成分：乾燥による敏感症状を防ぎ、しっとりとした肌をキープ • バリアサポート成分：外的刺激から肌を守り、健やかな状態を維持 ⸻ このような方におすすめ • 肌の赤みが気になる方 • 敏感肌やゆらぎ肌に悩む方 • 紫外線や乾燥などの環境ストレスを受けやすい方 • 落ち着いた印象の健やかな肌を目指す方 ⸻ 使用方法 洗顔後、顔全体に適量を塗布し、10〜15分置いてからやさしく洗い流します。 週1〜2回のケアとして取り入れることで、肌の落ち着きと透明感が高まります。 ⸻ 商品詳細 • 内容量：75ml • ブランド：CHRISTINA（クリスティーナ） • ライン：BIOPHYTO（バイオフィト） • 原産国：イスラエル ⸻ アンチルージュマスクは、敏感になりがちな肌をやさしく包み込み、赤みや刺激を抑えて落ち着いた印象へ。 敏感肌の方や季節の変わり目におすすめのケアマスクです。 ※クリスティーナはカウンセリングの必要な化粧品になりますので、初回ご購入の方は【カウンセリング希望】と公式LINEにメッセージをください♡","in stock","new","8360 JPY","https://aimer12.base.shop/items/116829405","https://baseec-img-mng.akamaized.net/images/item/origin/c3c7317a1b3f9fc93991de4c3895c6f7.jpg?imformat=generic&q=90&im=Resize,width=1200,type=normal","https://baseec-img-mng.akamaized.net/images/item/origin/de715fcd8372a9c0303e0c00ebd24bcf.jpg?imformat=generic&q=90&im=Resize,width=1200,type=normal,https://baseec-img-mng.akamaized.net/images/item/origin/920e3c1237ea3f5e00281dd05d71eef9.jpg?imformat=generic&q=90&im=Resize,width=1200,type=normal","CHRISTINA","CHRISTINA > BIOPHYTO(ビオフィート)",""
"116829354","ザターマスク75ml","CHRISTINA BIOPHYTO ザターマスク 敏感肌さんからエイジングケアまで、幅広く使える“細胞活性化マスク”。 植物の力と美容成分が、くすみがちな肌に透明感とツヤを与えます。 ⸻ 注目成分 ザターコンプレックス：肌に活力を与え、トーンを整える オリーブ果実エキス：乾燥や酸化から肌を守り、しっとり保湿 レチノール：ターンオーバーを促し、キメの整ったハリ肌へ ⸻ こんなお悩みにおすすめ • 敏感肌でゆらぎやすい • くすみやゴワつきが気になる • インナードライで潤い不足 • ニキビや肌荒れが気になる ⸻ 使用方法 洗顔後、顔全体に適量を塗布し、10〜15分置いてから洗い流してください。 週1〜2回のスペシャルケアで、透明感のあるツヤ肌へ。 ⸻ 商品詳細 • 内容量：75ml • ブランド：CHRISTINA（クリスティーナ） • ライン：BIOPHYTO（バイオフィト） • 製造国：イスラエル ⸻ 植物由来成分をたっぷり配合した「BIOPHYTO ザターマスク」で、内側から輝くような健やかな肌を手に入れませんか？ ※クリスティーナはカウンセリングの必要な化粧品になりますので、初回ご購入の方は【カウンセリング希望】と公式LINEにメッセージをください♡","in stock","new","8360 JPY","https://aimer12.base.shop/items/116829354","https://baseec-img-mng.akamaized.net/images/item/origin/ca4c418b530dd6374597ff8303c300a8.jpg?imformat=generic&q=90&im=Resize,width=1200,type=normal","https://baseec-img-mng.akamaized.net/images/item/origin/8125f8fe0beb3c4aa824d1a525881ca9.jpg?imformat=generic&q=90&im=Resize,width=1200,type=normal,https://baseec-img-mng.akamaized.net/images/item/origin/be16c8b2619bf3d39819ba49f969d82b.jpg?imformat=generic&q=90&im=Resize,width=1200,type=normal","CHRISTINA","CHRISTINA > BIOPHYTO(ビオフィート)",""
"116829319","セブアジャスターマスク75ml","CHRISTINA BIOPHYTO セブアジャスターマスク 皮脂バランスを整え、テカリやベタつきを抑えるマスク。 過剰な皮脂分泌をコントロールしながら、必要な潤いは残し、健やかで清潔感のある肌へ導きます。 ⸻ 特徴成分 • 植物エキスブレンド：肌を整え、皮脂分泌をコントロール • 皮脂調整成分：テカリやベタつきを抑え、清潔な肌をキープ • 保湿成分：乾燥を防ぎ、なめらかで健やかな肌へ ⸻ このような方におすすめ • 脂性肌や混合肌の方 • Tゾーンのテカリが気になる方 • ニキビや吹き出物ができやすい方 • 皮脂バランスを整え、健やかな肌を目指す方 ⸻ 使用方法 洗顔後、顔全体または気になる部分に適量を塗布し、10〜15分置いた後に洗い流してください。 週1〜2回のスペシャルケアとしてご使用いただくと効果的です。 ⸻ 商品詳細 • 内容量：75ml • ブランド：CHRISTINA（クリスティーナ） • ライン：BIOPHYTO（バイオフィト） • 原産国：イスラエル ⸻ セブアジャスターマスクは、皮脂バランスを整えながらニキビや肌トラブルを防ぎ、すっきりとした清潔感のある肌へ。 脂性肌や混合肌のケアにぴったりのアイテムです。 ※クリスティーナはカウンセリングの必要な化粧品になりますので、初回ご購入の方は【カウンセリング希望】と公式LINEにメッセージをください♡","in stock","new","8360 JPY","https://aimer12.base.shop/items/116829319","https://baseec-img-mng.akamaized.net/images/item/origin/b8a8fe7e32608e4166e4f372f2b945b9.jpg?imformat=generic&q=90&im=Resize,width=1200,type=normal","https://baseec-img-mng.akamaized.net/images/item/origin/0dfcc02b80ab286ded42db9bfe84780d.jpg?imformat=generic&q=90&im=Resize,width=1200,type=normal","CHRISTINA","CHRISTINA > BIOPHYTO(ビオフィート)",""
"116829177","エンライトニングアイ&ネッククリーム30ml","CHRISTINA BIOPHYTO エンライトニング アイ＆ネッククリーム 目元と首元のための専用クリーム。 乾燥による小ジワやくすみにアプローチし、ハリと明るさを与えます。デリケートな部分をやさしくケアし、若々しい印象へ導きます。 ⸻ 特徴成分 • 植物エキスブレンド：肌を落ち着かせ、透明感をサポート • 保湿成分：乾燥しやすい目元と首元をしっとり保湿 • エイジングケア成分：ハリを与え、小ジワやくすみをケア ⸻ このような方におすすめ • 目元や首元の乾燥が気になる方 • 小ジワやくすみをケアしたい方 • ハリ不足で老け見えが気になる方 • デリケートゾーンをやさしくケアしたい方 ⸻ 使用方法 朝晩のスキンケアの最後に、目元や首元に適量をやさしくなじませてください。 毎日の継続使用で、ふっくらとしたハリと明るさを実感いただけます。 ⸻ 商品詳細 • 内容量：30ml • ブランド：CHRISTINA（クリスティーナ） • ライン：BIOPHYTO（バイオフィト） • 原産国：イスラエル ⸻ エンライトニング アイ＆ネッククリームは、年齢サインが出やすい目元と首元を集中的にケアし、明るくハリのある印象へ導きます。 ※クリスティーナはカウンセリングの必要な化粧品になりますので、初回ご購入の方は【カウンセリング希望】と公式LINEにメッセージをください♡","in stock","new","8360 JPY","https://aimer12.base.shop/items/116829177","https://baseec-img-mng.akamaized.net/images/item/origin/1c19b62ffe6d9b7e5cf9999a761fdf9e.jpg?imformat=generic&q=90&im=Resize,width=1200,type=normal","https://baseec-img-mng.akamaized.net/images/item/origin/3cdbeab8e73d059855df73f0858dbc2f.jpg?imformat=generic&q=90&im=Resize,width=1200,type=normal,https://baseec-img-mng.akamaized.net/images/item/origin/95f134d08a1100c6b3c9a35f82dd3216.jpg?imformat=generic&q=90&im=Resize,width=1200,type=normal,https://baseec-img-mng.akamaized.net/images/item/origin/f6f727e648cbac1b373b45fc88bc5e22.jpg?imformat=generic&q=90&im=Resize,width=1200,type=normal","CHRISTINA","CHRISTINA > BIOPHYTO(ビオフィート)",""
"116829451","リバイタライジングマスク75ml","CHRISTINA BIOPHYTO リバイタライジングマスク 肌に栄養を与え、健康的なツヤとハリを取り戻す集中ケアマスク。 乾燥やストレスで疲れた肌をやさしくリフレッシュし、内側から輝くような素肌へ導きます。 ⸻ 特徴成分 • 植物エキスブレンド：肌を落ち着かせ、透明感をサポート • 保湿成分：角質層まで潤いを届け、しっとりなめらかな質感へ • 抗酸化成分：環境ダメージから肌を守り、健やかな状態を維持 ⸻ このような方におすすめ • 肌の疲れやストレスが気になる方 • ツヤ不足でくすみがちな肌 • 乾燥やインナードライに悩む方 • 健康的で生き生きとした印象の肌を目指す方 ⸻ 使用方法 洗顔後、顔全体に適量を均一に塗布してください。 10〜15分置いた後、ぬるま湯でやさしく洗い流します。 週1〜2回のスペシャルケアとしてのご使用がおすすめです。 ⸻ 商品詳細 • 内容量：75ml • ブランド：CHRISTINA（クリスティーナ） • ライン：BIOPHYTO（バイオフィト） • 原産国：イスラエル ⸻ リバイタライジングマスクは、日々の疲れをリセットしながら、潤いとハリを取り戻す“リフレッシュケア”。 肌に活力を与えたい方に最適です。 ※クリスティーナはカウンセリングの必要な化粧品になりますので、初回ご購入の方は【カウンセリング希望】と公式LINEにメッセージをください♡","in stock","new","8360 JPY","https://aimer12.base.shop/items/116829451","https://baseec-img-mng.akamaized.net/images/item/origin/9a23f31b60a92abd26bcedc3ca678e4a.jpg?imformat=generic&q=90&im=Resize,width=1200,type=normal","https://baseec-img-mng.akamaized.net/images/item/origin/b2b50e8795ccf94e63e8d2c1edc0daaa.jpg?imformat=generic&q=90&im=Resize,width=1200,type=normal","CHRISTINA","CHRISTINA > BIOPHYTO(ビオフィート)",""
"116828661","ザタークリーム75ml","CHRISTINA BIOPHYTO ザタークリーム 植物の力で肌のバランスを整える保湿クリーム。 乾燥や外的ストレスから肌を守り、みずみずしく健やかなコンディションをキープします。毎日のケアに取り入れることで、肌に自然なツヤとハリを与えます。 ⸻ 特徴成分 • ザターコンプレックス：肌に活力を与え、明るく健やかな状態へ導く • オリーブ果実エキス：保湿と保護作用で、乾燥や酸化から肌を守る • ビタミン成分：肌のコンディションを整え、透明感をサポート ⸻ このような方におすすめ • 乾燥や肌荒れが気になる方 • 健やかな肌を保ちたい方 • 自然なツヤとハリを取り戻したい方 • 日常的に使える万能保湿クリームを探している方 ⸻ 使用方法 朝晩のスキンケアの最後に、顔全体や首元に適量をなじませてください。 日々のケアに継続して使用することで、潤いと透明感のある肌を保てます。 ⸻ 商品詳細 • 内容量：75ml • ブランド：CHRISTINA（クリスティーナ） • ライン：BIOPHYTO（バイオフィト） • 原産国：イスラエル ⸻ ザタークリームは、肌に自然の恵みを届け、乾燥や環境ダメージから守るデイリー保湿クリーム。 敏感肌から年齢肌まで幅広くお使いいただけます。 ※クリスティーナはカウンセリングの必要な化粧品になりますので、初回ご購入の方は【カウンセリング希望】と公式LINEにメッセージをください♡","in stock","new","8360 JPY","https://aimer12.base.shop/items/116828661","https://baseec-img-mng.akamaized.net/images/item/origin/06caa179084e3af6dd17efe5b1b3ba86.jpg?imformat=generic&q=90&im=Resize,width=1200,type=normal","https://baseec-img-mng.akamaized.net/images/item/origin/69b6367ef39483e5400a102d0867baf2.jpg?imformat=generic&q=90&im=Resize,width=1200,type=normal,https://baseec-img-mng.akamaized.net/images/item/origin/1ae845c94aa9d4027d4e23574e55fc34.jpg?imformat=generic&q=90&im=Resize,width=1200,type=normal,https://baseec-img-mng.akamaized.net/images/item/origin/1b80c0b98e44b9d5193d5871f907981e.jpg?imformat=generic&q=90&im=Resize,width=1200,type=normal","CHRISTINA","CHRISTINA > BIOPHYTO(ビオフィート)",""
"116828391","バランシングクリーム75ml","CHRISTINA BIOPHYTO バランシングクリーム 皮脂と水分のバランスを整え、健やかで安定した肌へ導くデイリークリーム。 乾燥やテカリを同時にケアし、なめらかで心地よい質感を保ちます。混合肌やゆらぎやすい肌に最適です。 ⸻ 特徴成分 • 植物エキスブレンド：肌を落ち着かせ、バランスをサポート • 皮脂調整成分：テカリやベタつきを抑え、清潔感を維持 • 保湿成分：乾燥を防ぎ、しっとりとした潤いを与える ⸻ このような方におすすめ • 混合肌でテカリと乾燥の両方が気になる方 • 季節や環境で肌がゆらぎやすい方 • 健やかで安定した肌を保ちたい方 • 日常使いの軽やかな保湿クリームを探している方 ⸻ 使用方法 朝晩のスキンケアの最後に、顔全体または乾燥・テカリの気になる部分に適量をなじませてください。 継続して使用することで、バランスの取れた健やかな肌を実感いただけます。 ⸻ 商品詳細 • 内容量：75ml • ブランド：CHRISTINA（クリスティーナ） • ライン：BIOPHYTO（ビオフィート） • 原産国：イスラエル ⸻ バランシングクリームは、乾燥と皮脂の両方にアプローチし、肌を理想的なコンディションへと導くデイリーケアアイテム。 混合肌やゆらぎ肌の方に特におすすめです。 ※クリスティーナはカウンセリングの必要な化粧品になりますので、初回ご購入の方は【カウンセリング希望】と公式LINEにメッセージをください♡","in stock","new","8360 JPY","https://aimer12.base.shop/items/116828391","https://baseec-img-mng.akamaized.net/images/item/origin/0c6429918bfe7c68ee277a648c910f9e.jpg?imformat=generic&q=90&im=Resize,width=1200,type=normal","https://baseec-img-mng.akamaized.net/images/item/origin/9b61ec20c2af1113ba92656e6f36822a.jpg?imformat=generic&q=90&im=Resize,width=1200,type=normal","CHRISTINA","CHRISTINA > BIOPHYTO(ビオフィート)",""
"116828324","ノーマライズナイトクリーム75ml","CHRISTINA BIOPHYTO ノーマライズ ナイトクリーム 眠っている間に肌を整えるナイトクリーム。 皮脂バランスを正常に導き、毛穴の詰まりやベタつきを防ぎながら、朝にはすっきりと健やかな肌へ。混合肌や脂性肌の方に最適です。 ⸻ 特徴成分 • 皮脂調整成分：皮脂分泌を整え、毛穴の詰まりやテカリを防ぐ • 植物エキスブレンド：肌を落ち着かせ、健やかなコンディションをサポート • 保湿成分：うるおいを与えながら、ベタつかずなめらかな肌に仕上げる ⸻ このような方におすすめ • 脂性肌や混合肌で皮脂トラブルが気になる方 • 毛穴の詰まりやニキビを防ぎたい方 • 夜間のスキンケアで肌を整えたい方 • 朝の肌をすっきり清潔に保ちたい方 ⸻ 使用方法 夜のスキンケアの最後に、顔全体または皮脂が気になる部分に適量をなじませてください。 継続使用することで、健やかでバランスの取れた肌へ導きます。 ⸻ 商品詳細 • 内容量：75ml • ブランド：CHRISTINA（クリスティーナ） • ライン：BIOPHYTO（バイオフィト） • 原産国：イスラエル ⸻ ノーマライズ ナイトクリームは、睡眠中に皮脂バランスを整え、翌朝の肌をすっきり爽やかに仕上げる夜用クリーム。 脂性肌・混合肌のナイトケアにおすすめです。 ※クリスティーナはカウンセリングの必要な化粧品になりますので、初回ご購入の方は【カウンセリング希望】と公式LINEにメッセージをください♡","in stock","new","8360 JPY","https://aimer12.base.shop/items/116828324","https://baseec-img-mng.akamaized.net/images/item/origin/703e946876c998c47a17302ce3366dcb.jpg?imformat=generic&q=90&im=Resize,width=1200,type=normal","https://baseec-img-mng.akamaized.net/images/item/origin/a21e4f7f8eb8658987ba30152bf4c3f9.jpg?imformat=generic&q=90&im=Resize,width=1200,type=normal","CHRISTINA","CHRISTINA > BIOPHYTO(ビオフィート)",""
"116828210","ディフェンスデイクリームSPF20 75ml","CHRISTINA BIOPHYTO ディフェンス デイクリーム 日中の環境ストレスから肌を守るデイクリーム。 紫外線や大気汚染など外的要因によるダメージを防ぎながら、うるおいとハリをキープ。健やかで輝く肌をサポートします。 ⸻ 特徴成分 • 紫外線防御成分：日常生活での紫外線ダメージを防止 • 植物エキスブレンド：肌を落ち着かせ、環境ストレスから守る • 保湿成分：一日中しっとりとしたうるおいをキープ ⸻ このような方におすすめ • 紫外線によるダメージを予防したい方 • 日中の乾燥や環境ストレスが気になる方 • 健やかな素肌を保ちたい方 • 毎日のベーシックケアに安心して使えるクリームを探している方 ⸻ 使用方法 朝のスキンケアの最後に、顔全体や首元に均一にのばしてください。 日中の保護と保湿を兼ね備えたデイリークリームとして毎日ご使用いただけます。 ⸻ 商品詳細 • 内容量：75ml • ブランド：CHRISTINA（クリスティーナ） • ライン：BIOPHYTO（バイオフィト） • 原産国：イスラエル ⸻ ディフェンス デイクリームは、紫外線や環境ストレスから肌を守りつつ、うるおいとハリを与える日中用保護クリーム。 外出時だけでなく、室内でのスキンケアにもおすすめです。 ※クリスティーナはカウンセリングの必要な化粧品になりますので、初回ご購入の方は【カウンセリング希望】と公式LINEにメッセージをください♡","in stock","new","8360 JPY","https://aimer12.base.shop/items/116828210","https://baseec-img-mng.akamaized.net/images/item/origin/6990b0b85265c64e1c06b1e52ede7fe5.jpg?imformat=generic&q=90&im=Resize,width=1200,type=normal","https://baseec-img-mng.akamaized.net/images/item/origin/600ea8c8830744d4dff9a633aa171589.jpg?imformat=generic&q=90&im=Resize,width=1200,type=normal","CHRISTINA","CHRISTINA > BIOPHYTO(ビオフィート)",""
"116827984","アリューリングセラム30ml","CHRISTINA BIOPHYTO アリューリング セラム 肌にハリと弾力を与える集中ケア美容液。 植物由来成分と保湿成分をバランスよく配合し、年齢サインが気になる肌を引き締め、ふっくらとした若々しい印象へ導きます。 ⸻ 特徴成分 • 植物エキスブレンド：肌を整え、健やかで引き締まった状態へ • ペプチド成分：ハリと弾力をサポートし、エイジングサインをケア • 保湿成分：うるおいを与え、なめらかでふっくらした肌をキープ ⸻ このような方におすすめ • 肌のハリ不足や弾力低下が気になる方 • 年齢サインをケアしたい方 • ふっくらとした若々しい印象を目指す方 • 毎日のスキンケアにプラスしたい方 ⸻ 使用方法 化粧水で肌を整えた後、2〜3プッシュを顔全体になじませてください。 その後、クリームで仕上げるとより効果的です。朝晩どちらのケアにもご使用いただけます。 ⸻ 商品詳細 • 内容量：30ml • ブランド：CHRISTINA（クリスティーナ） • ライン：BIOPHYTO（バイオフィト） • 原産国：イスラエル ⸻ アリューリング セラムは、ハリ不足や小ジワが気になる肌をしっかりケアし、若々しく弾むような印象へ導く美容液。 エイジングケアを始めたい方や、日々のケアを格上げしたい方におすすめです。 ※クリスティーナはカウンセリングの必要な化粧品になりますので、初回ご購入の方は【カウンセリング希望】と公式LINEにメッセージをください♡","out of stock","new","9900 JPY","https://aimer12.base.shop/items/116827984","https://baseec-img-mng.akamaized.net/images/item/origin/61ce510821b8d2c6fc520de0189010eb.jpg?imformat=generic&q=90&im=Resize,width=1200,type=normal","https://baseec-img-mng.akamaized.net/images/item/origin/d72adfc6cb59923a8f32b96735357ff4.jpg?imformat=generic&q=90&im=Resize,width=1200,type=normal,https://baseec-img-mng.akamaized.net/images/item/origin/eff5c62a120981b3cfcfda8544b68828.jpg?imformat=generic&q=90&im=Resize,width=1200,type=normal","CHRISTINA","CHRISTINA > BIOPHYTO(ビオフィート)",""
"116827882","デトックスセラム30ml","CHRISTINA BIOPHYTO デトックス セラム 肌にたまった老廃物やストレスをケアし、透明感と健やかさを取り戻す美容液。 軽やかなテクスチャーで素早くなじみ、すっきりとリフレッシュした印象の肌へ導きます。 ⸻ 特徴成分 • 植物エキスブレンド：肌を整え、環境ダメージをケア • 抗酸化成分：酸化ストレスから肌を守り、くすみを防止 • 保湿成分：うるおいを与えながら、軽やかでなめらかな肌をキープ ⸻ このような方におすすめ • 肌のくすみや疲れが気になる方 • 外的ストレスによる肌荒れを予防したい方 • 透明感と明るさを取り戻したい方 • 軽やかな美容液を好む方 ⸻ 使用方法 化粧水で整えた後、2〜3プッシュを顔全体になじませてください。 朝晩どちらのケアにも使用でき、その後クリームで仕上げるとより効果的です。 ⸻ 商品詳細 • 内容量：30ml • ブランド：CHRISTINA（クリスティーナ） • ライン：BIOPHYTO（バイオフィト） • 原産国：イスラエル ⸻ デトックス セラムは、肌に溜まったストレスやダメージをリセットし、透明感と健やかさを取り戻す集中ケア美容液。 環境ストレスや疲れを感じやすい肌におすすめです。 ※クリスティーナはカウンセリングの必要な化粧品になりますので、初回ご購入の方は【カウンセリング希望】と公式LINEにメッセージをください♡","in stock","new","9900 JPY","https://aimer12.base.shop/items/116827882","https://baseec-img-mng.akamaized.net/images/item/origin/4b77e888d75aa465c2f1cf22a0528504.jpg?imformat=generic&q=90&im=Resize,width=1200,type=normal","https://baseec-img-mng.akamaized.net/images/item/origin/56f91cadf748e6ceb2c03500ace541e7.jpg?imformat=generic&q=90&im=Resize,width=1200,type=normal","CHRISTINA","CHRISTINA > BIOPHYTO(ビオフィート)",""
"116827831","リフレッシングトナー300ml","CHRISTINA BIOPHYTO リフレッシング トナー 洗顔後の肌をやさしく整え、すっきりとリフレッシュさせる化粧水。 不要な皮脂や汚れを取り除きながら、うるおいを補給し、健やかでなめらかな肌へ導きます。 ⸻ 特徴成分 • 植物エキスブレンド：肌を落ち着かせ、健やかに保つ • 保湿成分：乾燥を防ぎ、しっとり感を持続 • 整肌成分：肌のキメを整え、次に使うスキンケアの浸透をサポート ⸻ このような方におすすめ • 洗顔後のつっぱり感が気になる方 • 肌をすっきりリフレッシュしたい方 • 健やかでなめらかな素肌を保ちたい方 • 毎日のスキンケアをワンランクアップさせたい方 ⸻ 使用方法 コットンまたは手に適量をとり、顔全体にやさしくなじませてください。 毎日のスキンケアの最初のステップとしてご使用いただけます。 ⸻ 商品詳細 • 内容量：300ml • ブランド：CHRISTINA（クリスティーナ） • ライン：BIOPHYTO（バイオフィト） • 原産国：イスラエル ⸻ リフレッシング トナーは、肌をやさしく整え、次に使う美容液やクリームの効果を高めるサポートアイテム。 毎日のケアに欠かせない化粧水です。 ※クリスティーナはカウンセリングの必要な化粧品になりますので、初回ご購入の方は【カウンセリング希望】と公式LINEにメッセージをください♡","out of stock","new","6600 JPY","https://aimer12.base.shop/items/116827831","https://baseec-img-mng.akamaized.net/images/item/origin/e3dbf4f1df29fcdfe4dd6a11b1a52c96.jpg?imformat=generic&q=90&im=Resize,width=1200,type=normal","https://baseec-img-mng.akamaized.net/images/item/origin/5775c31c0c0c1dd7cd8bad9536119a68.jpg?imformat=generic&q=90&im=Resize,width=1200,type=normal,https://baseec-img-mng.akamaized.net/images/item/origin/6ed8e18b7c6f31204b66d46fca5c7c2a.jpg?imformat=generic&q=90&im=Resize,width=1200,type=normal,https://baseec-img-mng.akamaized.net/images/item/origin/7cc799647d2a798470a4fedc330066b9.jpg?imformat=generic&q=90&im=Resize,width=1200,type=normal","CHRISTINA","CHRISTINA > BIOPHYTO(ビオフィート)",""
"116827782","マイルドフェイシャルジェルクレンザー250ml","CHRISTINA BIOPHYTO マイルド フェイシャル ジェル クレンザー 肌にやさしいジェルタイプの洗顔料。 余分な皮脂や汚れをしっかり落としながら、必要なうるおいは守り、すっきりと清潔でなめらかな素肌へ導きます。敏感肌の方にもおすすめできる低刺激タイプです。 ⸻ 特徴成分 • 植物エキスブレンド：やさしく洗浄しながら肌を健やかに保つ • 保湿成分：洗い上がりのつっぱり感を防ぎ、しっとり感を持続 • 整肌成分：肌のコンディションを整え、次のスキンケアがなじみやすい肌へ ⸻ このような方におすすめ • 敏感肌や乾燥肌の方 • つっぱらないやさしい洗顔料を探している方 • 日々のメイクや皮脂汚れをすっきり落としたい方 • 健やかで透明感のある素肌を目指す方 ⸻ 使用方法 適量を手に取り、ぬるま湯で泡立ててから顔全体をやさしく洗浄してください。 その後、しっかりとすすぎ、化粧水や美容液で整えてください。朝晩のご使用が可能です。 ⸻ 商品詳細 • 内容量：300ml • ブランド：CHRISTINA（クリスティーナ） • ライン：BIOPHYTO（バイオフィト） • 原産国：イスラエル ⸻ マイルド フェイシャル ジェル クレンザーは、やさしい洗浄力と高い保湿力を兼ね備えたジェルタイプのクレンザー。 毎日のスキンケアの第一歩として、肌に負担をかけず清潔に保ちます。 ※クリスティーナはカウンセリングの必要な化粧品になりますので、初回ご購入の方は【カウンセリング希望】と公式LINEにメッセージをください♡","in stock","new","6600 JPY","https://aimer12.base.shop/items/116827782","https://baseec-img-mng.akamaized.net/images/item/origin/d7bd3d1c0ff57e9c60e73f6c661c7751.jpg?imformat=generic&q=90&im=Resize,width=1200,type=normal","https://baseec-img-mng.akamaized.net/images/item/origin/0bd933406fd33c79f6f8ffc51ba91800.jpg?imformat=generic&q=90&im=Resize,width=1200,type=normal,https://baseec-img-mng.akamaized.net/images/item/origin/aa8b37ccfddc5319e3295a30d1383581.jpg?imformat=generic&q=90&im=Resize,width=1200,type=normal,https://baseec-img-mng.akamaized.net/images/item/origin/e333e1f81b4b0da2183b0f6de5235bf9.jpg?imformat=generic&q=90&im=Resize,width=1200,type=normal","CHRISTINA","CHRISTINA > BIOPHYTO(ビオフィート)",""
"116545447","ハンドクリームSPF15 75ml","CHRISTINA ILLUSTRIOUS ハンドクリーム SPF15 75ml 紫外線によるダメージから手肌を守りながら、しっとりとしたうるおいを与えるハンドクリーム。 シミや乾燥を防ぎ、明るくなめらかな手肌へ導きます。 ⸻ 特徴 • SPF15配合：日常紫外線から手肌を保護し、光老化やシミを予防 • 高保湿処方：乾燥やカサつきを防ぎ、なめらかな手触りへ • ブライトニングケア：透明感のある明るい手肌をサポート • 快適な使用感：ベタつきにくく、日中も使いやすいテクスチャー ⸻ このような方におすすめ • 手の乾燥やカサつきが気になる方 • 紫外線によるシミ・色ムラを防ぎたい方 • 明るく透明感のある手肌を目指す方 • 日中も使いやすいハンドクリームを探している方 ⸻ 使用方法 適量を手に取り、乾燥や紫外線が気になる部分にやさしくなじませてください。 外出前や手洗い後の使用がおすすめです。 ⸻ 商品詳細 • 内容量：75ml • ブランド：CHRISTINA（クリスティーナ） • ライン：ILLUSTRIOUS（イラストリアス） • 原産国：イスラエル ⸻ イラストリアス ハンドクリーム SPF15は、紫外線対策と保湿を同時に叶えるハンドケアアイテム。 毎日の習慣に取り入れることで、しっとり明るい手肌を保ちます。 ※クリスティーナはカウンセリングの必要な化粧品になりますので、初回ご購入の方は【カウンセリング希望】と公式LINEにメッセージをください♡","in stock","new","6050 JPY","https://aimer12.base.shop/items/116545447","https://baseec-img-mng.akamaized.net/images/item/origin/cc5d98f373daa81d6101d1bc438502e0.jpg?imformat=generic&q=90&im=Resize,width=1200,type=normal","https://baseec-img-mng.akamaized.net/images/item/origin/f3ab820a1a74c5534fe24bbf46296d20.jpg?imformat=generic&q=90&im=Resize,width=1200,type=normal,https://baseec-img-mng.akamaized.net/images/item/origin/419daa4697c863d5b848ac30fd203300.jpg?imformat=generic&q=90&im=Resize,width=1200,type=normal,https://baseec-img-mng.akamaized.net/images/item/origin/d92569e7b070dae3fb99a30340715dbf.jpg?imformat=generic&q=90&im=Resize,width=1200,type=normal","CHRISTINA","CHRISTINA > ILLUSTRIOUS(イラストリアス)",""
"116545405","イラストリアスピーリング","CHRISTINA ILLUSTRIOUS ピーリング 50ml くすみやゴワつきの原因となる古い角質をやさしく取り除き、透明感のあるなめらかな肌へ導くピーリングケア。 ブライトニング成分を配合し、定期的な使用でワントーン明るい肌を実感できます。 ⸻ 特徴 • 角質ケア：古い角質を除去し、肌のターンオーバーをサポート • ブライトニング効果：透明感のある肌へ整え、シミやくすみを予防 • なめらか仕上げ：キメを整え、メイクのりを改善 • やさしい処方：自宅で安心して使えるマイルドピーリング ⸻ このような方におすすめ • 肌のくすみやごわつきが気になる方 • シミや色ムラを防ぎたい方 • なめらかで透明感のある肌を目指す方 • 自宅で手軽にピーリングケアをしたい方 ⸻ 使用方法 洗顔後、顔全体に薄くのばし、数分おいた後やさしくマッサージして洗い流してください。 週1〜2回の使用がおすすめです。 ⸻ 商品詳細 • 内容量：50ml • ブランド：CHRISTINA（クリスティーナ） • ライン：ILLUSTRIOUS（イラストリアス） • 原産国：イスラエル ⸻ イラストリアス ピーリングは、肌のトーンアップと透明感を叶える集中角質ケア。 定期的に取り入れることで、なめらかで明るい素肌を実感できます。 ※クリスティーナはカウンセリングの必要な化粧品になりますので、初回ご購入の方は【カウンセリング希望】と公式LINEにメッセージをください♡","in stock","new","11000 JPY","https://aimer12.base.shop/items/116545405","https://baseec-img-mng.akamaized.net/images/item/origin/68c9298b7f8fac795d53abbb6610d0f3.jpg?imformat=generic&q=90&im=Resize,width=1200,type=normal","https://baseec-img-mng.akamaized.net/images/item/origin/35c0084fdee97aed7328aa31ce22f331.jpg?imformat=generic&q=90&im=Resize,width=1200,type=normal,https://baseec-img-mng.akamaized.net/images/item/origin/d8ff2c6e0939cbf92616407781323297.jpg?imformat=generic&q=90&im=Resize,width=1200,type=normal,https://baseec-img-mng.akamaized.net/images/item/origin/14b47a4216e6b76ace40067519c529aa.jpg?imformat=generic&q=90&im=Resize,width=1200,type=normal","CHRISTINA","CHRISTINA > ILLUSTRIOUS(イラストリアス)",""
"116545364","イラストリアスマスク75ml","CHRISTINA ILLUSTRIOUS マスク 75ml シミやくすみなどの色ムラにアプローチし、透明感のある明るい肌へ導く集中ケアマスク。 うるおいを与えながらトーンを均一に整え、澄んだ素肌を引き出します。 ⸻ 特徴 • ブライトニング効果：くすみをケアし、肌トーンを明るく均一に • 保湿サポート：乾燥を防ぎ、しっとりなめらかな肌へ • エイジングケア：透明感とともにハリ感をプラス • やさしい使用感：自宅で取り入れやすい集中ケア処方 ⸻ このような方におすすめ • シミ・くすみ・色ムラが気になる方 • 肌のトーンを明るく均一にしたい方 • 集中的にブライトニングケアを取り入れたい方 • 透明感とハリ感を同時に求める方 ⸻ 使用方法 洗顔後、顔全体に均一に塗布し、10〜15分置いた後ぬるま湯で洗い流してください。 週1〜2回のご使用がおすすめです。 ⸻ 商品詳細 • 内容量：75ml • ブランド：CHRISTINA（クリスティーナ） • ライン：ILLUSTRIOUS（イラストリアス） • 原産国：イスラエル ⸻ イラストリアス マスクは、シミやくすみにアプローチしながら、透明感とハリのある素肌を叶える集中ブライトニングマスク。 定期的なケアで、ワントーン明るい肌を実感いただけます。 ※クリスティーナはカウンセリングの必要な化粧品になりますので、初回ご購入の方は【カウンセリング希望】と公式LINEにメッセージをください♡","in stock","new","9900 JPY","https://aimer12.base.shop/items/116545364","https://baseec-img-mng.akamaized.net/images/item/origin/182803d6cd7711585ce9461bdeb1d057.jpg?imformat=generic&q=90&im=Resize,width=1200,type=normal","https://baseec-img-mng.akamaized.net/images/item/origin/b8452897fb9c36bf15cc2e891356be77.jpg?imformat=generic&q=90&im=Resize,width=1200,type=normal,https://baseec-img-mng.akamaized.net/images/item/origin/3ee630a7523134cf0da1da94eb468a0e.jpg?imformat=generic&q=90&im=Resize,width=1200,type=normal,https://baseec-img-mng.akamaized.net/images/item/origin/8982a8a2cc93c86285c8666eaa1abcc7.jpg?imformat=generic&q=90&im=Resize,width=1200,type=normal","CHRISTINA","CHRISTINA > ILLUSTRIOUS(イラストリアス)",""
"116545334","イラストリアスナイトアイクリーム15ml","CHRISTINA ILLUSTRIOUS ナイト アイクリーム 15ml 睡眠中に目元を集中ケアし、透明感とハリを与える夜用アイクリーム。 乾燥やくすみを防ぎ、明るく若々しい目元へ導きます。 ⸻ 特徴 • ブライトニング効果：色素沈着やくすみをケアし、明るい目元をサポート • 高保湿処方：デリケートな目元をうるおいで満たし、乾燥による小ジワを防ぐ • ハリ・弾力ケア：睡眠中にふっくらとした目元へ • 夜用設計：濃厚なテクスチャーで集中的にケア ⸻ このような方におすすめ • 目元のくすみや色素沈着が気になる方 • 乾燥による小ジワやハリ不足が気になる方 • 明るく若々しい目元を目指したい方 • 夜の集中ケアを取り入れたい方 ⸻ 使用方法 夜、スキンケアの最後に米粒大を薬指に取り、目のまわり（骨の上あたり）にやさしくなじませてください。 こすらず、軽くタッピングするように使うと効果的です。 ⸻ 商品詳細 • 内容量：15ml • ブランド：CHRISTINA（クリスティーナ） • ライン：ILLUSTRIOUS（イラストリアス） • 原産国：イスラエル ⸻ イラストリアス ナイト アイクリームは、睡眠中に透明感とハリをチャージし、翌朝の目元を明るく整える夜用アイケア。 くすみ・乾燥・小ジワが気になる方におすすめです。 ※クリスティーナはカウンセリングの必要な化粧品になりますので、初回ご購入の方は【カウンセリング希望】と公式LINEにメッセージをください♡","in stock","new","8800 JPY","https://aimer12.base.shop/items/116545334","https://baseec-img-mng.akamaized.net/images/item/origin/8e73cdd34ba8768a40126c6acf10051e.jpg?imformat=generic&q=90&im=Resize,width=1200,type=normal","https://baseec-img-mng.akamaized.net/images/item/origin/fd55e90b3b419850788ea8ee4cbf87c6.jpg?imformat=generic&q=90&im=Resize,width=1200,type=normal,https://baseec-img-mng.akamaized.net/images/item/origin/af20fcaae2fc8f2f4f842fe108f6c96a.jpg?imformat=generic&q=90&im=Resize,width=1200,type=normal,https://baseec-img-mng.akamaized.net/images/item/origin/9752fec2c3273fb13e379b3b3d69f3bb.jpg?imformat=generic&q=90&im=Resize,width=1200,type=normal","CHRISTINA","CHRISTINA > ILLUSTRIOUS(イラストリアス)",""
"116545293","イラストリアスアイクリーム15ml","CHRISTINA ILLUSTRIOUS アイクリーム 15ml 目元の乾燥やくすみを防ぎ、透明感とハリを与えるデイリーアイクリーム。 デリケートな目元をやさしく保護し、明るく若々しい印象へ導きます。 ⸻ 特徴 • ブライトニング効果：くすみをケアし、明るい目元をサポート • 高保湿処方：乾燥による小ジワを防ぎ、しっとりなめらかに • ハリ・弾力ケア：ふっくらとした若々しい印象へ • 軽やかなテクスチャー：朝晩の使用に適し、メイク前にも使いやすい ⸻ このような方におすすめ • 目元の乾燥や小ジワが気になる方 • くすみを改善し、明るい目元を目指したい方 • デイリーケアで透明感とハリを与えたい方 • メイク前にも使えるアイクリームを探している方 ⸻ 使用方法 朝晩、スキンケアの最後に米粒大を薬指に取り、目の周り（骨の上あたり）にやさしくなじませてください。 軽くタッピングするように使うと効果的です。 ⸻ 商品詳細 • 内容量：15ml • ブランド：CHRISTINA（クリスティーナ） • ライン：ILLUSTRIOUS（イラストリアス） • 原産国：イスラエル ⸻ イラストリアス アイクリームは、透明感とハリを与えながら、乾燥やくすみを防ぐデイリーアイケア。 毎日のケアで、明るく若々しい印象の目元をサポートします。","in stock","new","8800 JPY","https://aimer12.base.shop/items/116545293","https://baseec-img-mng.akamaized.net/images/item/origin/d72107efa119054b4d117a891e9d8cdb.jpg?imformat=generic&q=90&im=Resize,width=1200,type=normal","https://baseec-img-mng.akamaized.net/images/item/origin/72f8fe9285dc3095f1691b60647b1018.jpg?imformat=generic&q=90&im=Resize,width=1200,type=normal,https://baseec-img-mng.akamaized.net/images/item/origin/a302d15601e599b61ef530c7461d449f.jpg?imformat=generic&q=90&im=Resize,width=1200,type=normal,https://baseec-img-mng.akamaized.net/images/item/origin/5028e9ca1452ef160b0dec5639f78f0f.jpg?imformat=generic&q=90&im=Resize,width=1200,type=normal","CHRISTINA","CHRISTINA > ILLUSTRIOUS(イラストリアス)",""
"116545258","イラストリアスナイトクリーム50ml","CHRISTINA ILLUSTRIOUS ナイトクリーム 50ml 睡眠中に肌のリズムを整え、透明感とハリを与える夜用クリーム。 日中に受けたダメージをケアし、翌朝は明るくなめらかな素肌へ導きます。 ⸻ 特徴 • ブライトニングケア：メラニンの生成を抑え、シミ・くすみを防止 • 高保湿処方：一晩中うるおいをキープし、乾燥小ジワを防ぐ • ハリ・弾力サポート：ふっくらとした若々しい印象へ • ナイトリペア効果：睡眠中に肌環境を整え、健やかな素肌へ ⸻ このような方におすすめ • シミ・くすみ・色ムラが気になる方 • 夜の間に集中ケアを取り入れたい方 • ハリや透明感を取り戻したい方 • 翌朝の肌をなめらかに整えたい方 ⸻ 使用方法 夜、洗顔・化粧水・美容液で整えた後、適量を顔全体と首元にやさしくなじませてください。 毎晩のご使用がおすすめです。 ⸻ 商品詳細 • 内容量：50ml • ブランド：CHRISTINA（クリスティーナ） • ライン：ILLUSTRIOUS（イラストリアス） • 原産国：イスラエル ⸻ イラストリアス ナイトクリームは、寝ている間に透明感とハリをチャージする夜用集中クリーム。 毎日のケアで、明るく健やかな素肌をサポートします。 ※クリスティーナはカウンセリングの必要な化粧品になりますので、初回ご購入の方は【カウンセリング希望】と公式LINEにメッセージをください♡","in stock","new","12100 JPY","https://aimer12.base.shop/items/116545258","https://baseec-img-mng.akamaized.net/images/item/origin/e42c864aef81fa710182a28e6f0d68f8.jpg?imformat=generic&q=90&im=Resize,width=1200,type=normal","https://baseec-img-mng.akamaized.net/images/item/origin/00e67ed4454259820736d9fc9f1a722e.jpg?imformat=generic&q=90&im=Resize,width=1200,type=normal,https://baseec-img-mng.akamaized.net/images/item/origin/c849a88c342c574eee790ebb1e315379.jpg?imformat=generic&q=90&im=Resize,width=1200,type=normal,https://baseec-img-mng.akamaized.net/images/item/origin/57c50e85157dbd75902bbe3ee5d22821.jpg?imformat=generic&q=90&im=Resize,width=1200,type=normal","CHRISTINA","CHRISTINA > ILLUSTRIOUS(イラストリアス)",""
"116545221","イラストリアスデイクリームSPF50","CHRISTINA ILLUSTRIOUS デイクリーム SPF50 50ml 紫外線から肌をしっかり守りながら、透明感とハリを与える高機能デイクリーム。 SPF50の強力なUVカット効果で日焼けによるシミ・くすみを防ぎ、明るく健やかな素肌を保ちます。 ⸻ 特徴 • SPF50配合：強力な紫外線防御で光老化を予防 • ブライトニングケア：透明感を引き出し、色ムラやくすみを防ぐ • 高保湿処方：乾燥を防ぎ、一日中しっとり感をキープ • エイジングケア：ハリ・弾力を与え、若々しい肌印象へ ⸻ このような方におすすめ • 日中の紫外線ダメージから肌を守りたい方 • シミやくすみを予防したい方 • 保湿とUVケアを同時に取り入れたい方 • 明るく透明感のある肌を目指す方 ⸻ 使用方法 朝のスキンケアの最後に、顔全体と首元に均一にのばしてください。 日中は2〜3時間おきに塗り直すとより効果的です。化粧下地としても使用できます。 ⸻ 商品詳細 • 内容量：50ml • ブランド：CHRISTINA（クリスティーナ） • ライン：ILLUSTRIOUS（イラストリアス） • 原産国：イスラエル ⸻ イラストリアス デイクリーム SPF50は、紫外線を強力にブロックしながらブライトニングと保湿を同時に叶えるデイクリーム。 毎日のUV対策と美白ケアを一度に取り入れたい方におすすめです。 ※クリスティーナはカウンセリングの必要な化粧品になりますので、初回ご購入の方は【カウンセリング希望】と公式LINEにメッセージをください♡","in stock","new","12100 JPY","https://aimer12.base.shop/items/116545221","https://baseec-img-mng.akamaized.net/images/item/origin/9209aed4acb305db35be8fc9d25b2498.jpg?imformat=generic&q=90&im=Resize,width=1200,type=normal","https://baseec-img-mng.akamaized.net/images/item/origin/01b39c7a89f87a23ce4724b7999da732.jpg?imformat=generic&q=90&im=Resize,width=1200,type=normal,https://baseec-img-mng.akamaized.net/images/item/origin/bd334fa995558fe89a9bde5f35f17f4d.jpg?imformat=generic&q=90&im=Resize,width=1200,type=normal,https://baseec-img-mng.akamaized.net/images/item/origin/30dc2644ce0971365d7c8edd554a4417.jpg?imformat=generic&q=90&im=Resize,width=1200,type=normal","CHRISTINA","CHRISTINA > ILLUSTRIOUS(イラストリアス)",""
"116545156","アブソリュートブライト30ml","CHRISTINA ILLUSTRIOUS アブソリュート ブライト 30ml シミやくすみに多角的にアプローチし、透明感のある明るい素肌へ導く集中ブライトニングセラム。 軽やかなテクスチャーで肌になじみ、日常のスキンケアに取り入れやすい処方です。 ⸻ 特徴 • 美白サポート：メラニンの生成を抑え、シミや色ムラを予防 • 透明感アップ：くすみを改善し、澄んだ印象の素肌へ • 高保湿処方：乾燥によるくすみを防ぎ、しっとり肌をキープ • 軽やかな使用感：朝晩のケアに快適に使えるセラムタイプ ⸻ このような方におすすめ • シミ・そばかす・色素沈着が気になる方 • くすみや肌トーンの不均一を改善したい方 • 透明感のある明るい肌を目指す方 • 毎日のスキンケアに美白美容液を取り入れたい方 ⸻ 使用方法 朝晩、洗顔・化粧水で整えた後に適量を顔全体へなじませてください。 日中は必ずUVケアを併用してください。 ⸻ 商品詳細 • 内容量：30ml • ブランド：CHRISTINA（クリスティーナ） • ライン：ILLUSTRIOUS（イラストリアス） • 原産国：イスラエル ⸻ アブソリュート ブライトは、シミ・くすみ・色ムラに集中アプローチする美容液。 毎日の習慣に取り入れることで、透明感あふれる澄んだ素肌をサポートします。 ※クリスティーナはカウンセリングの必要な化粧品になりますので、初回ご購入の方は【カウンセリング希望】と公式LINEにメッセージをください♡","in stock","new","16500 JPY","https://aimer12.base.shop/items/116545156","https://baseec-img-mng.akamaized.net/images/item/origin/9106432a71bc1529b1a31be814c6eedc.jpg?imformat=generic&q=90&im=Resize,width=1200,type=normal","https://baseec-img-mng.akamaized.net/images/item/origin/1fc0100867a55c7c31bdc84aa3352740.jpg?imformat=generic&q=90&im=Resize,width=1200,type=normal,https://baseec-img-mng.akamaized.net/images/item/origin/b21ed2fd22572a1569afda6087f5ba40.jpg?imformat=generic&q=90&im=Resize,width=1200,type=normal,https://baseec-img-mng.akamaized.net/images/item/origin/0596632015082e8876c08b20926f5aa0.jpg?imformat=generic&q=90&im=Resize,width=1200,type=normal","CHRISTINA","CHRISTINA > ILLUSTRIOUS(イラストリアス)",""
"116545097","イラストリアスセラム30ml","CHRISTINA ILLUSTRIOUS セラム 30ml 肌の奥深くまでうるおいと有効成分を届け、シミやくすみの原因にアプローチするブライトニングセラム。 透明感のある均一な肌トーンへ導き、明るく澄んだ素肌をサポートします。 ⸻ 特徴 • ブライトニング効果：メラニン生成を抑制し、シミ・色ムラを予防 • 透明感アップ：くすみをケアし、ワントーン明るい肌へ • 保湿サポート：乾燥を防ぎ、しっとりなめらかな仕上がりに • 軽やかなテクスチャー：毎日のケアに取り入れやすい美容液タイプ ⸻ このような方におすすめ • シミやくすみ、色ムラが気になる方 • 透明感のある明るい肌を目指したい方 • 日常のスキンケアに美白美容液を取り入れたい方 • 均一な肌トーンを求める方 ⸻ 使用方法 朝晩、洗顔・化粧水の後に適量を顔全体にやさしくなじませてください。 その後クリームで仕上げ、日中はUVケアを併用してください。 ⸻ 商品詳細 • 内容量：30ml • ブランド：CHRISTINA（クリスティーナ） • ライン：ILLUSTRIOUS（イラストリアス） • 原産国：イスラエル ⸻ イラストリアス セラムは、肌全体のくすみやシミを防ぎながら、透明感を引き出す集中ケア美容液。 毎日の使用で、明るく澄んだ肌トーンをサポートします。 ※クリスティーナはカウンセリングの必要な化粧品になりますので、初回ご購入の方は【カウンセリング希望】と公式LINEにメッセージをください♡","in stock","new","11000 JPY","https://aimer12.base.shop/items/116545097","https://baseec-img-mng.akamaized.net/images/item/origin/2fa3fa0802eb3f25d0d1def7062177a8.jpg?imformat=generic&q=90&im=Resize,width=1200,type=normal","https://baseec-img-mng.akamaized.net/images/item/origin/3b06c6f2cac72a994f65548c2391e8e1.jpg?imformat=generic&q=90&im=Resize,width=1200,type=normal,https://baseec-img-mng.akamaized.net/images/item/origin/be3048d0e73feb6502b452d8145d2bca.jpg?imformat=generic&q=90&im=Resize,width=1200,type=normal,https://baseec-img-mng.akamaized.net/images/item/origin/8205a21f47006a2f681be6caceba8f31.jpg?imformat=generic&q=90&im=Resize,width=1200,type=normal","CHRISTINA","CHRISTINA > ILLUSTRIOUS(イラストリアス)",""
"116545062","イラストリアストナー300ml","CHRISTINA ILLUSTRIOUS トナー 300ml 肌のpHバランスを整え、うるおいを補給しながら透明感を引き出すブライトニングトナー。 洗顔後の肌をやさしく落ち着かせ、次に使うスキンケアの浸透を高めます。 ⸻ 特徴 • ブライトニングケア：くすみを和らげ、明るい印象の肌へ • pHバランス調整：洗顔後の乱れた肌を整える • 高保湿処方：乾燥を防ぎ、しっとりなめらかな肌へ • やさしい使用感：デリケートな肌にも使いやすいマイルド処方 ⸻ このような方におすすめ • 洗顔後のつっぱりや乾燥が気になる方 • 透明感のある明るい素肌を目指す方 • 肌のトーンを均一に整えたい方 • デイリーに使えるやさしい化粧水を探している方 ⸻ 使用方法 洗顔後、コットンまたは手に適量をとり、顔全体と首元にやさしくなじませてください。 朝晩のスキンケアにご使用いただけます。 ⸻ 商品詳細 • 内容量：300ml • ブランド：CHRISTINA（クリスティーナ） • ライン：ILLUSTRIOUS（イラストリアス） • 原産国：イスラエル ⸻ イラストリアス トナーは、肌を落ち着かせながら明るさとうるおいを与えるブライトニング化粧水。 毎日のスキンケアに取り入れることで、健やかで透明感のある素肌を保ちます。 ※クリスティーナはカウンセリングの必要な化粧品になりますので、初回ご購入の方は【カウンセリング希望】と公式LINEにメッセージをください♡","in stock","new","8250 JPY","https://aimer12.base.shop/items/116545062","https://baseec-img-mng.akamaized.net/images/item/origin/d0ba54efba9f45716917d6d0e289b465.jpg?imformat=generic&q=90&im=Resize,width=1200,type=normal","https://baseec-img-mng.akamaized.net/images/item/origin/dded582b98a26dec327ccb86ff43203d.jpg?imformat=generic&q=90&im=Resize,width=1200,type=normal,https://baseec-img-mng.akamaized.net/images/item/origin/1e77bdc3eec20678c8a79e991b57e053.jpg?imformat=generic&q=90&im=Resize,width=1200,type=normal,https://baseec-img-mng.akamaized.net/images/item/origin/1b75a638d3afa4fd09e299e11d7a272a.jpg?imformat=generic&q=90&im=Resize,width=1200,type=normal","CHRISTINA","CHRISTINA > ILLUSTRIOUS(イラストリアス)",""
"116545016","ミセラウォーター300ml","CHRISTINA ILLUSTRIOUS ミセラ ウォーター 300ml 肌に負担をかけずに、メイクや汚れをやさしく取り除くクレンジングウォーター。 保湿とブライトニングケアを同時に叶え、透明感のあるすっきりとした素肌へ導きます。 ⸻ 特徴 • ミセラテクノロジー：メイクや皮脂をすばやくキャッチし、やさしくオフ • ブライトニングケア：透明感を与え、明るい肌トーンへサポート • 保湿処方：洗浄後もつっぱらず、しっとりなめらかに • 低刺激設計：敏感肌にも使いやすいやさしい使用感 ⸻ このような方におすすめ • メイクや汚れを手軽に落としたい方 • 洗浄後の乾燥やつっぱりが気になる方 • 透明感のある素肌を目指したい方 • 敏感肌でも使いやすいクレンジングを探している方 ⸻ 使用方法 コットンに適量を含ませ、顔全体をやさしく拭き取ってください。 洗い流し不要ですが、必要に応じてぬるま湯で軽くすすいでもOKです。 ⸻ 商品詳細 • 内容量：300ml • ブランド：CHRISTINA（クリスティーナ） • ライン：ILLUSTRIOUS（イラストリアス） • 原産国：イスラエル ⸻ イラストリアス ミセラ ウォーターは、ブライトニングと保湿を兼ね備えた拭き取りタイプのクレンジング。 毎日のベーシックケアとして、明るく透明感のある素肌を保ちます。 ※クリスティーナはカウンセリングの必要な化粧品になりますので、初回ご購入の方は【カウンセリング希望】と公式LINEにメッセージをください♡","in stock","new","8250 JPY","https://aimer12.base.shop/items/116545016","https://baseec-img-mng.akamaized.net/images/item/origin/c79fe39177d6e10bffd25d1d07ba599e.jpg?imformat=generic&q=90&im=Resize,width=1200,type=normal","https://baseec-img-mng.akamaized.net/images/item/origin/6a456492c05a5ab15f3ffb7129ab34ef.jpg?imformat=generic&q=90&im=Resize,width=1200,type=normal,https://baseec-img-mng.akamaized.net/images/item/origin/9b8c7c9082a12581ee37b1c444ad5f18.jpg?imformat=generic&q=90&im=Resize,width=1200,type=normal,https://baseec-img-mng.akamaized.net/images/item/origin/b0618981dc5d893281f71254bcc88ac9.jpg?imformat=generic&q=90&im=Resize,width=1200,type=normal","CHRISTINA","CHRISTINA > ILLUSTRIOUS(イラストリアス)",""
"116544944","イラストリアスクレンザー300ml","CHRISTINA ILLUSTRIOUS クレンザー 300ml メラニンやくすみの原因となる汚れや老廃物をやさしく落とし、透明感のある肌へ導くブライトニング洗顔料。 保湿成分を配合し、洗い上がりはしっとりなめらか。毎日のブライトニングケアのファーストステップに最適です。 ⸻ 特徴 • ブライトニング効果：肌のくすみを防ぎ、明るい印象へ • マイルド洗浄：汚れや余分な皮脂を落としながら、うるおいはキープ • 高保湿処方：乾燥を防ぎ、洗い上がりもしっとり感を持続 • デイリーケアに最適：毎日使えるやさしい処方 ⸻ このような方におすすめ • くすみや色ムラが気になる方 • 洗顔後のつっぱりが苦手な方 • 明るく透明感のある肌を目指す方 • 毎日の洗顔でブライトニングケアをしたい方 ⸻ 使用方法 適量を手に取り、水またはぬるま湯で泡立てて顔全体をやさしく洗浄し、その後しっかり洗い流してください。 朝晩の洗顔にご使用いただけます。 ⸻ 商品詳細 • 内容量：300ml • ブランド：CHRISTINA（クリスティーナ） • ライン：ILLUSTRIOUS（イラストリアス） • 原産国：イスラエル ⸻ イラストリアス クレンザーは、透明感を引き出しながらしっとり洗い上げる洗顔料。 毎日のケアで、澄んだ明るい素肌をサポートします。 ※クリスティーナはカウンセリングの必要な化粧品になりますので、初回ご購入の方は【カウンセリング希望】と公式LINEにメッセージをください♡","in stock","new","8250 JPY","https://aimer12.base.shop/items/116544944","https://baseec-img-mng.akamaized.net/images/item/origin/cae527e41f1e9fb61764798d30224a5d.jpg?imformat=generic&q=90&im=Resize,width=1200,type=normal","https://baseec-img-mng.akamaized.net/images/item/origin/6d1cf48fc2cdea1f8a9d48d5078beb4d.jpg?imformat=generic&q=90&im=Resize,width=1200,type=normal,https://baseec-img-mng.akamaized.net/images/item/origin/c535cac2cd8e3579a2ecdff31994a1a0.jpg?imformat=generic&q=90&im=Resize,width=1200,type=normal,https://baseec-img-mng.akamaized.net/images/item/origin/fc8747c511a1a3f4835f2e7479c6b481.jpg?imformat=generic&q=90&im=Resize,width=1200,type=normal","CHRISTINA","CHRISTINA > ILLUSTRIOUS(イラストリアス)",""
"116550222","プロコラーゲンバイタリティクリーム","CHRISTINA NUANCE プロコラーゲン バイタリティ クリーム コラーゲンの働きに着目したエイジングケアクリーム。 肌にハリと弾力を与え、乾燥による小ジワやくすみをケア。しっとりとしたうるおいを与えながら、ふっくらとした若々しい印象へ導きます。 ⸻ 特徴 • プロコラーゲン成分：ハリと弾力をサポートし、年齢サインにアプローチ • 植物エキスブレンド：肌を整え、健やかなコンディションをキープ • 保湿成分：乾燥を防ぎ、しっとりとなめらかな肌を持続 ⸻ このような方におすすめ • ハリ不足やたるみが気になる方 • 乾燥小ジワやくすみをケアしたい方 • 健やかで若々しい肌を目指す方 • エイジングケアを日常に取り入れたい方 ⸻ 使用方法 朝晩のスキンケアの最後に、顔全体や首元に適量をやさしくなじませてください。 美容液との併用で、より効果を実感いただけます。 ⸻ 商品詳細 • 内容量：50ml • ブランド：CHRISTINA（クリスティーナ） • ライン：NUANCE（ニュアンス） • 原産国：イスラエル ⸻ プロコラーゲン バイタリティ クリームは、ハリ不足や年齢サインにアプローチし、若々しい印象へ導く高機能クリーム。 毎日のスキンケアで、ふっくら弾むような健やかな肌をサポートします。 ※クリスティーナはカウンセリングの必要な化粧品になりますので、初回ご購入の方は【カウンセリング希望】と公式LINEにメッセージをください♡","in stock","new","12100 JPY","https://aimer12.base.shop/items/116550222","https://baseec-img-mng.akamaized.net/images/item/origin/1d0c98bb2631e96ce581d3c2e4bc0302.jpg?imformat=generic&q=90&im=Resize,width=1200,type=normal","https://baseec-img-mng.akamaized.net/images/item/origin/9143e81b9a993f2d30a38ab6f2aa3194.jpg?imformat=generic&q=90&im=Resize,width=1200,type=normal","CHRISTINA","CHRISTINA > MUSE(ミューズ)",""
"116550161","グレープデューハイドレーティングトニック","CHRISTINA NUANCE グレープデュー ハイドレーティング トニック ブドウ由来成分を配合した保湿化粧水。 洗顔後の肌にうるおいを与え、みずみずしく透明感のある素肌へ導きます。乾燥やつっぱり感を防ぎ、スキンケアの浸透をサポートするフレッシュなトニックです。 ⸻ 特徴 • グレープエキス：抗酸化作用で肌を健やかに保ち、透明感をサポート • 保湿成分：乾燥を防ぎ、しっとり感を長時間持続 • 整肌成分：キメを整え、次に使う美容液やクリームの効果を高める ⸻ このような方におすすめ • 洗顔後のつっぱり感が気になる方 • 乾燥しやすく、うるおい不足を感じる方 • 透明感や明るさを求める方 • 毎日のスキンケアを格上げしたい方 ⸻ 使用方法 洗顔後、コットンまたは手に適量を取り、顔全体になじませてください。 毎日のスキンケアの最初のステップとしてご使用いただけます。 ⸻ 商品詳細 • 内容量：300ml • ブランド：CHRISTINA（クリスティーナ） • ライン：NUANCE（ニュアンス） • 原産国：イスラエル ⸻ グレープデュー ハイドレーティング トニックは、ブドウ由来の力で肌をみずみずしく整える化粧水。 毎日の保湿ケアに欠かせないベーシックアイテムです。 ※クリスティーナはカウンセリングの必要な化粧品になりますので、初回ご購入の方は【カウンセリング希望】と公式LINEにメッセージをください♡","in stock","new","6050 JPY","https://aimer12.base.shop/items/116550161","https://baseec-img-mng.akamaized.net/images/item/origin/ee6973250732aa4c89df5d397a81838a.jpg?imformat=generic&q=90&im=Resize,width=1200,type=normal","https://baseec-img-mng.akamaized.net/images/item/origin/737f8777f1e3c56f3584d5df04f2d9cf.jpg?imformat=generic&q=90&im=Resize,width=1200,type=normal","CHRISTINA","CHRISTINA > MUSE(ミューズ)",""
"116550455","トータルコレクターセラム","CHRISTINA NUANCE トータルコレクター セラム 気になるシミ・色ムラを集中的にケアする美容液。 メラニン生成に多角的にアプローチし、透明感のある均一な肌トーンへ導きます。軽やかなテクスチャーで毎日のケアに取り入れやすい処方です。 ⸻ 特徴 • ブライトニング成分：シミ・色ムラにアプローチし、明るい肌印象へ • 抗酸化成分：紫外線や環境ストレスから肌を守り、健やかさをキープ • 保湿成分：うるおいを与え、なめらかで柔らかな質感をサポート ⸻ このような方におすすめ • シミや色ムラが気になる方 • 肌のトーンを明るく整えたい方 • 透明感のある肌を目指す方 • 日常的な紫外線ケアをより強化したい方 ⸻ 使用方法 朝晩の洗顔後、化粧水で整えた肌に2〜3プッシュを顔全体にやさしくなじませてください。 その後、クリームで仕上げるとより効果的です。日中は日焼け止めとの併用をおすすめします。 ⸻ 商品詳細 • 内容量：30ml • ブランド：CHRISTINA（クリスティーナ） • ライン：NUANCE（ニュアンス） • 原産国：イスラエル ※クリスティーナはカウンセリングの必要な化粧品になりますので、初回ご購入の方は【カウンセリング希望】と公式LINEにメッセージをください♡","in stock","new","12100 JPY","https://aimer12.base.shop/items/116550455","https://baseec-img-mng.akamaized.net/images/item/origin/04f59c83d2f8fc8587b73510a728b582.jpg?imformat=generic&q=90&im=Resize,width=1200,type=normal","https://baseec-img-mng.akamaized.net/images/item/origin/b5a8bc74cc52fa29705144e4f26504ec.jpg?imformat=generic&q=90&im=Resize,width=1200,type=normal","CHRISTINA","CHRISTINA > NUANCE(ニュアンス)",""
"116550427","アイズアップブースタークリーム","CHRISTINA NUANCE アイズアップ ブースター 目元専用の集中ケア美容液。 乾燥による小ジワやくすみ、ハリ不足にアプローチし、明るく若々しい印象の目元へ導きます。軽やかなテクスチャーで素早くなじみ、朝晩のケアに取り入れやすい処方です。 ⸻ 特徴 • アイケア成分：乾燥による小ジワをケアし、なめらかな目元に整える • 植物エキスブレンド：デリケートな目元をやさしく保護し、明るさをサポート • 保湿成分：しっとり感を与え、ふっくらとしたハリをキープ ⸻ このような方におすすめ • 目元の乾燥や小ジワが気になる方 • クマやくすみで疲れた印象になりやすい方 • ハリ不足で若々しさが失われてきたと感じる方 • デイリーに使える軽やかなアイケアを求める方 ⸻ 使用方法 朝晩のスキンケアの最後に、米粒大を目元にやさしくなじませてください。 軽くたたき込むように浸透させるとより効果的です。 ⸻ 商品詳細 • 内容量：15ml • ブランド：CHRISTINA（クリスティーナ） • ライン：NUANCE（ニュアンス） • 原産国：イスラエル ⸻ アイズアップ ブースターは、デリケートな目元を守りながら、乾燥や年齢サインをケアする集中美容液。 目元の印象を明るく若々しく整えたい方におすすめです。 ※クリスティーナはカウンセリングの必要な化粧品になりますので、初回ご購入の方は【カウンセリング希望】と公式LINEにメッセージをください♡","in stock","new","10450 JPY","https://aimer12.base.shop/items/116550427","https://baseec-img-mng.akamaized.net/images/item/origin/b1be74b2280e6989020a021b8471f574.jpg?imformat=generic&q=90&im=Resize,width=1200,type=normal","https://baseec-img-mng.akamaized.net/images/item/origin/ab073c0491ffa9f0e563bc9082fe9046.jpg?imformat=generic&q=90&im=Resize,width=1200,type=normal","CHRISTINA","CHRISTINA > NUANCE(ニュアンス)",""
"116550373","アドバンスファーミングクリーム","CHRISTINA NUANCE アドバンス ファーミング クリーム ハリ・弾力不足にアプローチするエイジングケアクリーム。 先進的な引き締め成分と植物由来の保湿成分を配合し、乾燥による小ジワをケアしながら、ふっくらとしたハリ感を与えます。毎日のケアで、若々しくなめらかな肌印象へ導きます。 ⸻ 特徴 • ファーミング成分：肌を引き締め、弾力をサポート • 植物エキスブレンド：肌を整え、健やかなコンディションをキープ • 保湿成分：うるおいを長時間持続させ、乾燥による小ジワを防ぐ ⸻ このような方におすすめ • ハリや弾力の低下を感じる方 • 乾燥小ジワが気になる方 • エイジングケアを日常に取り入れたい方 • 健やかで引き締まった肌を目指す方 ⸻ 使用方法 朝晩のスキンケアの最後に、顔全体と首元に適量をやさしくなじませてください。 美容液と併用するとより効果的です。 ⸻ 商品詳細 • 内容量：50ml • ブランド：CHRISTINA（クリスティーナ） • ライン：NUANCE（ニュアンス） • 原産国：イスラエル ⸻ アドバンス ファーミング クリームは、乾燥や年齢サインが気になる肌を引き締め、若々しい印象へ導くクリーム。 毎日のケアに取り入れることで、しっとりと弾むようなハリ感をサポートします。 ※クリスティーナはカウンセリングの必要な化粧品になりますので、初回ご購入の方は【カウンセリング希望】と公式LINEにメッセージをください♡","in stock","new","11000 JPY","https://aimer12.base.shop/items/116550373","https://baseec-img-mng.akamaized.net/images/item/origin/7237dbec0ef9b27459a61b519ea32188.jpg?imformat=generic&q=90&im=Resize,width=1200,type=normal","https://baseec-img-mng.akamaized.net/images/item/origin/b0ff459bc374d8ba0bd08c61ea8d5da3.jpg?imformat=generic&q=90&im=Resize,width=1200,type=normal","CHRISTINA","CHRISTINA > NUANCE(ニュアンス)",""
"116550332","レッドクローバータイトニングマスク","CHRISTINA NUANCE レッドクローバー タイトニング マスク レッドクローバーエキスを配合した、引き締め効果のある集中ケアマスク。 肌にハリと弾力を与え、たるみや年齢サインが気になる肌をサポート。使うたびにすっきりとしたフェイスラインと若々しい印象へ導きます。 ⸻ 特徴 • レッドクローバーエキス：肌を引き締め、弾力をサポート • エイジングケア成分：年齢サイン（ハリ不足・たるみ）に多角的にアプローチ • 保湿成分：しっとり感を与え、なめらかな質感をキープ ⸻ このような方におすすめ • フェイスラインや頬のゆるみが気になる方 • ハリや弾力不足を改善したい方 • 集中的なエイジングケアを取り入れたい方 • すっきりとした印象の肌を目指す方 ⸻ 使用方法 洗顔後、顔全体に均一に塗布し、10〜15分置いた後に洗い流してください。 週1〜2回のスペシャルケアとしてのご使用がおすすめです。 ⸻ 商品詳細 • 内容量：75ml • ブランド：CHRISTINA（クリスティーナ） • ライン：NUANCE（ニュアンス） • 原産国：イスラエル ⸻ レッドクローバー タイトニング マスクは、肌を引き締めながら潤いを与えるエイジングケアマスク。 定期的なケアで、若々しくすっきりとした印象の肌を目指せます。 ※クリスティーナはカウンセリングの必要な化粧品になりますので、初回ご購入の方は【カウンセリング希望】と公式LINEにメッセージをください♡","in stock","new","7700 JPY","https://aimer12.base.shop/items/116550332","https://baseec-img-mng.akamaized.net/images/item/origin/153d7511a0895a83d7e20e852795f17b.jpg?imformat=generic&q=90&im=Resize,width=1200,type=normal","https://baseec-img-mng.akamaized.net/images/item/origin/2c1c353bcb31e0e77ea45a35d6fc626f.jpg?imformat=generic&q=90&im=Resize,width=1200,type=normal","CHRISTINA","CHRISTINA > NUANCE(ニュアンス)",""
"116550289","プロテクティブデイウェアSPF30","CHRISTINA NUANCE プロテクティブ デイウェア 日中の環境ストレスから肌を守り抜く日中用保護クリーム。 紫外線や乾燥、大気汚染などの外的要因から肌をしっかりガードし、うるおいとハリをキープ。軽やかな使用感で毎日心地よく使えるデイリープロテクションです。 ⸻ 特徴 • 紫外線・環境ストレス防御：日中のダメージから肌を守る • 保湿成分：乾燥を防ぎ、一日中しっとりとした肌をキープ • 植物エキスブレンド：肌を整え、健やかさと明るさをサポート ⸻ このような方におすすめ • 紫外線や外的ストレスから肌を守りたい方 • 日中の乾燥やくすみが気になる方 • 軽やかな使用感のデイクリームを探している方 • 毎日のベースケアで肌をしっかり守りたい方 ⸻ 使用方法 朝のスキンケアの最後に、顔全体や首元に均一にのばしてください。 日焼け止めや化粧下地としてもご使用いただけます。 ⸻ 商品詳細 • 内容量：50ml • ブランド：CHRISTINA（クリスティーナ） • ライン：NUANCE（ニュアンス） • 原産国：イスラエル ⸻ プロテクティブ デイウェアは、紫外線や乾燥などの外的ダメージから肌を守り、健やかで明るい印象を保つ日中用保護クリーム。 毎日のスキンケアの仕上げに欠かせないアイテムです。 ※クリスティーナはカウンセリングの必要な化粧品になりますので、初回ご購入の方は【カウンセリング希望】と公式LINEにメッセージをください♡","in stock","new","10450 JPY","https://aimer12.base.shop/items/116550289","https://baseec-img-mng.akamaized.net/images/item/origin/e08b959980a6c6c810b22856eea32beb.jpg?imformat=generic&q=90&im=Resize,width=1200,type=normal","https://baseec-img-mng.akamaized.net/images/item/origin/b57d6cb2f768b45c0a851c2ad391e2d4.jpg?imformat=generic&q=90&im=Resize,width=1200,type=normal","CHRISTINA","CHRISTINA > NUANCE(ニュアンス)",""
"116550081","ラズベリークレンジングエマルジョン","CHRISTINA NUANCE ラズベリー クレンジング エマルジョン ラズベリーエキスを配合した、肌にやさしい乳液タイプのクレンジング。 メイクや皮脂汚れをしっかり落としながら、肌にうるおいを与え、しっとりとした洗い上がりを実感できます。敏感肌や乾燥肌の方にも使いやすい低刺激処方です。 ⸻ 特徴 • ラズベリーエキス：肌をやさしく守りながら透明感をサポート • 保湿成分：洗浄後もつっぱらず、しっとりした肌へ • 乳液タイプ：なめらかなテクスチャーで肌に負担をかけず汚れを除去 ⸻ このような方におすすめ • 乾燥やつっぱりが気になりやすい方 • 敏感肌でもやさしく使えるクレンジングを探している方 • しっとり感のある洗い上がりを好む方 • メイクも皮脂汚れもきちんと落としたい方 ⸻ 使用方法 乾いた手に適量を取り、顔全体にやさしくなじませた後、ぬるま湯で洗い流してください。 毎日のクレンジングとしてご使用いただけます。 ⸻ 商品詳細 • 内容量：300ml • ブランド：CHRISTINA（クリスティーナ） • ライン：NUANCE（ニュアンス） • 原産国：イスラエル ⸻ ラズベリー クレンジング エマルジョンは、うるおいを守りながらやさしく汚れを落とし、健やかな素肌へ導く乳液タイプのクレンジング。 乾燥肌・敏感肌の方に特におすすめです。 ※クリスティーナはカウンセリングの必要な化粧品になりますので、初回ご購入の方は【カウンセリング希望】と公式LINEにメッセージをください♡","in stock","new","7700 JPY","https://aimer12.base.shop/items/116550081","https://baseec-img-mng.akamaized.net/images/item/origin/c415d0258c25675b438fa569f55a06d8.jpg?imformat=generic&q=90&im=Resize,width=1200,type=normal","https://baseec-img-mng.akamaized.net/images/item/origin/67fad6b5d24cf6e8f8c44484b3100611.jpg?imformat=generic&q=90&im=Resize,width=1200,type=normal","CHRISTINA","CHRISTINA > NUANCE(ニュアンス)",""
"116549927","ハイドレート&レストアセラム30ml","肌のバリア機能をサポートし、ゆらぎやすい肌を落ち着かせる保湿美容液。 乾燥・赤み・刺激を感じやすい肌にたっぷりとうるおいを与え、しっとりとしたなめらかな肌へ導きます。 季節の変わり目やストレスによる肌の不調を感じる方におすすめです。 ⸻ 特徴 ・パンテノール（ビタミンB5）：肌をやさしく保護し、うるおいをキープ ・ヒアルロン酸：角質層のすみずみまで水分を届け、ふっくらとしたハリを与える ・アラントイン：肌荒れを防ぎ、健やかな肌環境をサポート ・軽やかなテクスチャーで、敏感な肌にもやさしくなじむ処方 ⸻ このような方におすすめ ・乾燥や肌のつっぱり感が気になる ・季節の変わり目で肌がゆらぎやすい ・赤みや刺激を感じやすい敏感肌 ・肌にうるおいと透明感が欲しい ⸻ 使用方法 朝・夜の洗顔後、化粧水で整えた肌に1〜2プッシュを顔全体になじませてください。 乾燥が気になる部分には重ねづけがおすすめです。 ⸻ 商品詳細 ・内容量：30ml ・ブランド：CHRISTINA（クリスティーナ） ・ライン：UNSTRESS（アンストレス） ・原産国：イスラエル ※クリスティーナはカウンセリングの必要な化粧品になりますので、初回ご購入の方は【カウンセリング希望】と公式LINEにメッセージをください♡","in stock","new","8800 JPY","https://aimer12.base.shop/items/116549927","https://baseec-img-mng.akamaized.net/images/item/origin/663d9224e79e718e2f1e167bc8ae5520.jpg?imformat=generic&q=90&im=Resize,width=1200,type=normal","https://baseec-img-mng.akamaized.net/images/item/origin/bd067e8258b4dfb2927c0318ac23b0da.jpg?imformat=generic&q=90&im=Resize,width=1200,type=normal,https://baseec-img-mng.akamaized.net/images/item/origin/90c7da8b2a95339e48c85d9689d59924.jpg?imformat=generic&q=90&im=Resize,width=1200,type=normal,https://baseec-img-mng.akamaized.net/images/item/origin/5699c482a2c4c19f603c5e23b7cd9cc3.jpg?imformat=generic&q=90&im=Resize,width=1200,type=normal","CHRISTINA","CHRISTINA > COMODEX(コモデックス)",""
"116549853","リニュー&リペアナイトトリートメント50ml","CHRISTINA COMODEX リニュー＆リペア ナイトトリートメント 脂性肌・ニキビ傾向のための夜用集中トリートメント。 レチノールやサリチル酸などの整肌成分が角質の乱れを整え、凹凸や色ムラをケア。寝ている間に肌の生まれ変わりをサポートし、均一でなめらかな肌へ導きます。 ⸻ 特徴 • 角質ケア＆トーンケア：角層を整え、ニキビ跡による色ムラの印象をケア • 皮脂・毛穴対策：過剰な皮脂によるざらつきや毛穴の詰まりを整える • 夜用集中ケア：刺激に配慮した夜専用処方で、翌朝の肌コンディションをサポート ⸻ このような方に • 脂性肌・混合肌で、ニキビや毛穴詰まりが気になる • ニキビ後の色ムラ・くすみを整えたい • 夜のうちに集中的な角質・トーンケアを取り入れたい ⸻ 使用方法 夜、洗顔・化粧水・美容液の後に、気になる部分へ薄くなじませます（全顔使いをする場合は薄く均一に）。 週1〜2回を目安に使用し、目周りは避けてください。使用翌日は日焼け止めなどのUVケアを行ってください。肌状態に合わせて頻度を調整してください。 ⸻ ご使用上の注意 • 乾燥感・軽い皮むけが生じることがあります。頻度や使用量を調整してください。 • 他の強力な角質ケア製品（高濃度ピーリング等）との併用は避けてください。 • 敏感肌の方はパッチテストを推奨します。 ⸻ 商品詳細 • 内容量：50ml • ブランド：CHRISTINA（クリスティーナ） • ライン：COMODEX（コモデックス） • 原産国：イスラエル ※クリスティーナはカウンセリングの必要な化粧品になりますので、初回ご購入の方は【カウンセリング希望】と公式LINEにメッセージをください♡","in stock","new","7700 JPY","https://aimer12.base.shop/items/116549853","https://baseec-img-mng.akamaized.net/images/item/origin/b8bb807b21cb4c7da80c1976a56cc5ac.jpg?imformat=generic&q=90&im=Resize,width=1200,type=normal","https://baseec-img-mng.akamaized.net/images/item/origin/e8c045e62e09e16acd0e45824b7693fb.jpg?imformat=generic&q=90&im=Resize,width=1200,type=normal,https://baseec-img-mng.akamaized.net/images/item/origin/fc6ee66a79bbbf7d0eaf738282f84b7d.jpg?imformat=generic&q=90&im=Resize,width=1200,type=normal,https://baseec-img-mng.akamaized.net/images/item/origin/89e74649cd6544534edfca2ca7751ced.jpg?imformat=generic&q=90&im=Resize,width=1200,type=normal","CHRISTINA","CHRISTINA > COMODEX(コモデックス)",""
"116549786","カバー&シールドクリームSPF20 30ml","CHRISTINA COMODEX カバー＆シールド クリーム SPF-20 ニキビ跡や赤みをカバーしながら、紫外線や環境ダメージから保護するクリーム。肌トラブルを隠しつつ、透明感と均一なトーンをキープします。 ⸻ 特徴 • **SPF-20（酸化亜鉛配合）**により、紫外線から肌を物理的に守り、炎症や色素沈着を予防。 • ビサボロールが肌を落ち着かせ、赤みや刺激を和らげる整肌効果。 • カルパリアン（褐藻由来成分）が抗酸化作用を発揮し、コラーゲンやエラスチン、ヒアルロン酸の生成をサポート。 • カモフラージュ処方により、凹凸・色むら・赤みを自然にカバーし、均一かなめらかな肌へ導く。 ⸻ このような方におすすめ • 脂性肌や混合肌で、ニキビや赤みが気になる方。 • 肌荒れや炎症後の色ムラをしっかり隠したい方。 • 普段使いできるSPF入りクリームをお探しの方。 • メイクの下地としても使えて、透明感ある素肌印象をキープしたい方。 ⸻ 使用方法 朝のスキンケアの最後に、顔全体または気になる部分に薄く均一にのばし、軽くなじませてください。化粧下地としても使いやすいテクスチャーです。 ⸻ 商品詳細 • 内容量：30ml • ブランド：CHRISTINA（クリスティーナ） • ライン：COMODEX（コモデックス）—脂性肌・ニキビ傾向の肌向けライン • 原産国：イスラエル ※クリスティーナはカウンセリングの必要な化粧品になりますので、初回ご購入の方は【カウンセリング希望】と公式LINEにメッセージをください♡","in stock","new","9350 JPY","https://aimer12.base.shop/items/116549786","https://baseec-img-mng.akamaized.net/images/item/origin/5f627f2a762178e52a81e42968cc9d90.jpg?imformat=generic&q=90&im=Resize,width=1200,type=normal","https://baseec-img-mng.akamaized.net/images/item/origin/3620cb1c27b00b89c5ac5eb75d79ca13.jpg?imformat=generic&q=90&im=Resize,width=1200,type=normal,https://baseec-img-mng.akamaized.net/images/item/origin/babc662cab28799f7c16a2cc93440e6d.jpg?imformat=generic&q=90&im=Resize,width=1200,type=normal,https://baseec-img-mng.akamaized.net/images/item/origin/4838a343015cd68531d5648246e911bc.jpg?imformat=generic&q=90&im=Resize,width=1200,type=normal","CHRISTINA","CHRISTINA > COMODEX(コモデックス)",""
"116549685","コントロール&レギュレーションデイトリートメント30ml","CHRISTINA COMODEX コントロール＆レギュレーション デイトリートメント 日中の皮脂分泌を整え、テカリやベタつきを防ぎながら、乾燥からは肌を守る日中用トリートメント。 マットな質感をキープしつつ、健やかで均一な肌へ導きます。 ⸻ 特徴 • 皮脂調整成分：過剰な皮脂分泌をコントロールし、テカリやベタつきを防止。 • マットフィニッシュ効果：化粧崩れを防ぎ、さらっと快適な仕上がり。 • 保湿成分：うるおいを与えて乾燥を防ぎ、肌のコンディションを安定化。 • 整肌成分：肌を落ち着かせ、赤みや刺激を抑制。 ⸻ このような方におすすめ • 脂性肌や混合肌で、日中の皮脂やテカリが気になる方。 • ベタつきを抑えつつ、しっかり保湿したい方。 • 化粧崩れを防いで、さらっとした仕上がりを求める方。 • ニキビや肌荒れを予防しながら、健やかに整えたい方。 ⸻ 使用方法 朝のスキンケアの最後に、顔全体や皮脂の気になる部分へ均一にのばしてください。 化粧下地としてもご使用いただけます。 ⸻ 商品詳細 • 内容量：30ml • ブランド：CHRISTINA（クリスティーナ） • ライン：COMODEX（コモデックス） • 原産国：イスラエル ⸻ コントロール＆レギュレーション デイトリートメントは、皮脂バランスを整えて健やかな状態を保つ、脂性肌・混合肌のための日中用クリームです。 ※クリスティーナはカウンセリングの必要な化粧品になりますので、初回ご購入の方は【カウンセリング希望】と公式LINEにメッセージをください♡","in stock","new","7700 JPY","https://aimer12.base.shop/items/116549685","https://baseec-img-mng.akamaized.net/images/item/origin/bcd209eeadd7f53e23be31cc45afea72.jpg?imformat=generic&q=90&im=Resize,width=1200,type=normal","https://baseec-img-mng.akamaized.net/images/item/origin/61bf208e8b53247694a8096884b3e5a6.jpg?imformat=generic&q=90&im=Resize,width=1200,type=normal,https://baseec-img-mng.akamaized.net/images/item/origin/1a8c5e31c58698f492d6e6e0a3193403.jpg?imformat=generic&q=90&im=Resize,width=1200,type=normal,https://baseec-img-mng.akamaized.net/images/item/origin/1f123b254dd521d639d59db113611440.jpg?imformat=generic&q=90&im=Resize,width=1200,type=normal","CHRISTINA","CHRISTINA > COMODEX(コモデックス)",""
"116549604","スクラブ&スムースエクスフォリエーター75ml","CHRISTINA COMODEX スクラブ＆スムース エクスフォリエーター 75ml 毛穴の汚れや古い角質をやさしく取り除き、なめらかで明るい肌へ導く角質ケアスクラブ。 余分な皮脂や汚れをすっきり落としながら、健やかな素肌をサポートします。 ⸻ 特徴 • 角質除去成分：毛穴の詰まりや古い角質を取り除き、肌をクリアに。 • 植物エキスブレンド：肌を落ち着かせ、うるおいを守る。 • なめらかテクスチャー：摩擦を抑えたやさしい使い心地。 • トーンアップ効果：くすみをケアし、明るい印象の肌へ。 ⸻ このような方におすすめ • 毛穴の黒ずみや詰まりが気になる方 • 肌のゴワつきやザラつきを改善したい方 • ニキビや皮脂汚れが気になる脂性肌・混合肌の方 • 化粧ノリを良くしたい方 ⸻ 使用方法 洗顔後、濡れた肌に適量を取り、やさしく円を描くようにマッサージします。 その後、ぬるま湯で十分に洗い流してください。週1〜2回の使用がおすすめです。 ⸻ 商品詳細 • 内容量：75ml • ブランド：CHRISTINA（クリスティーナ） • ライン：COMODEX（コモデックス） • 原産国：イスラエル ⸻ スクラブ＆スムース エクスフォリエーターは、毛穴ケアと角質ケアを同時に叶えるスペシャルアイテム。 定期的に取り入れることで、つるんとしたなめらかな美肌へ導きます。 ※クリスティーナはカウンセリングの必要な化粧品になりますので、初回ご購入の方は【カウンセリング希望】と公式LINEにメッセージをください♡","in stock","new","6600 JPY","https://aimer12.base.shop/items/116549604","https://baseec-img-mng.akamaized.net/images/item/origin/1353cc788419f386c7bb84e2bad7d997.jpg?imformat=generic&q=90&im=Resize,width=1200,type=normal","https://baseec-img-mng.akamaized.net/images/item/origin/16a7b7cc1c398e314609096cc693a5b8.jpg?imformat=generic&q=90&im=Resize,width=1200,type=normal,https://baseec-img-mng.akamaized.net/images/item/origin/d7411cd72b392e43b84b5b5faf3c7387.jpg?imformat=generic&q=90&im=Resize,width=1200,type=normal,https://baseec-img-mng.akamaized.net/images/item/origin/7584d3ce1d09955a1bc4499f7a4a3687.jpg?imformat=generic&q=90&im=Resize,width=1200,type=normal","CHRISTINA","CHRISTINA > COMODEX(コモデックス)",""
"116549513","マティファイ&プロテクトクリームSPF15 50ml","CHRISTINA COMODEX マティファイ＆プロテクト クリーム SPF15 日中の皮脂バランスを整え、テカリやベタつきを防ぎながら、紫外線から肌を守る日中用クリーム。 さらっとした軽い仕上がりで、化粧下地としても使えるマルチプロテクトアイテムです。 ⸻ 特徴 • SPF15配合：日常紫外線から肌を守り、炎症や色素沈着を予防。 • 皮脂コントロール：テカリを抑え、さらっとしたマット肌をキープ。 • 保湿成分：乾燥を防ぎながら、健やかなコンディションを維持。 • マルチ機能：スキンケアと下地効果を兼ね備えたデイクリーム。 ⸻ このような方におすすめ • 日中の皮脂・テカリが気になる方 • 化粧崩れを防ぎたい方 • 紫外線ダメージから肌を守りたい方 • 下地としても使えるデイクリームを探している方 ⸻ 使用方法 朝のスキンケアの最後に、顔全体へ均一にのばしてください。 化粧下地としてファンデーション前に使用するのもおすすめです。 ⸻ 商品詳細 • 内容量：50ml • ブランド：CHRISTINA（クリスティーナ） • ライン：COMODEX（コモデックス） • 原産国：イスラエル ⸻ マティファイ＆プロテクト クリーム SPF15は、皮脂コントロールと紫外線ケアを同時に叶えるデイクリーム。 日中の肌トラブルを防ぎ、快適なマット肌をキープします。","in stock","new","7700 JPY","https://aimer12.base.shop/items/116549513","https://baseec-img-mng.akamaized.net/images/item/origin/d2ec1a1c67b698f94996459026044dcf.jpg?imformat=generic&q=90&im=Resize,width=1200,type=normal","https://baseec-img-mng.akamaized.net/images/item/origin/7766dca6bde03c6d729ecc89f29910c5.jpg?imformat=generic&q=90&im=Resize,width=1200,type=normal,https://baseec-img-mng.akamaized.net/images/item/origin/98818e1d06971c67e92c6959cb3278e2.jpg?imformat=generic&q=90&im=Resize,width=1200,type=normal,https://baseec-img-mng.akamaized.net/images/item/origin/29a11cf50b479ad628ad0ab0a7aa0415.jpg?imformat=generic&q=90&im=Resize,width=1200,type=normal","CHRISTINA","CHRISTINA > COMODEX(コモデックス)",""
"116549402","プリファイ&バランストナー50ml","CHRISTINA COMODEX プリファイ＆バランス トナー 50ml 皮脂バランスを整え、ニキビや肌荒れを予防する拭き取り兼用トナー。 余分な皮脂や汚れを取り除きながら、肌を健やかに保ち、すっきりと引き締まった素肌へ導きます。 ⸻ 特徴 • 皮脂調整成分：過剰な皮脂分泌を抑え、テカリやベタつきを防止 • 整肌成分：ニキビや肌荒れを予防し、肌コンディションを安定化 • 収れん効果：毛穴を引き締め、なめらかな肌をサポート • マルチケア：洗顔後の整肌や、日中のリフレッシュにも使用可能 ⸻ このような方におすすめ • ニキビや吹き出物ができやすい方 • 脂性肌・混合肌で皮脂バランスを整えたい方 • 毛穴の開きやテカリが気になる方 • 肌をすっきり引き締めたい方 ⸻ 使用方法 洗顔後、コットンに適量を取り、顔全体をやさしく拭き取るようになじませてください。 日中のリフレッシュケアとしてもご使用いただけます。 ⸻ 商品詳細 • 内容量：50ml • ブランド：CHRISTINA（クリスティーナ） • ライン：COMODEX（コモデックス） • 原産国：イスラエル ⸻ プリファイ＆バランス トナーは、余分な皮脂や汚れを取り除きながら、肌をすっきり健やかに保つトナー。 ニキビや皮脂トラブルに悩む方におすすめのアイテムです。 ※クリスティーナはカウンセリングの必要な化粧品になりますので、初回ご購入の方は【カウンセリング希望】と公式LINEにメッセージをください♡","in stock","new","6600 JPY","https://aimer12.base.shop/items/116549402","https://baseec-img-mng.akamaized.net/images/item/origin/8f5f51700fbdad4c504b435a627b065a.jpg?imformat=generic&q=90&im=Resize,width=1200,type=normal","https://baseec-img-mng.akamaized.net/images/item/origin/3e0ff73adb8344e60bf6bf2bf1d50cc1.jpg?imformat=generic&q=90&im=Resize,width=1200,type=normal,https://baseec-img-mng.akamaized.net/images/item/origin/3be4856effa362868f66bf8b9fe4fea7.jpg?imformat=generic&q=90&im=Resize,width=1200,type=normal,https://baseec-img-mng.akamaized.net/images/item/origin/918d334eca77637b00fe5de5f45424c9.jpg?imformat=generic&q=90&im=Resize,width=1200,type=normal","CHRISTINA","CHRISTINA > COMODEX(コモデックス)",""
"116549349","スムース&レギュレーションマスク300ml","CHRISTINA COMODEX スムース＆レギュレーション マスク 300ml ニキビや皮脂トラブルを抱える肌を落ち着かせ、健やかな状態へ導く集中ケアマスク。 炎症を抑えながら、過剰な皮脂分泌を調整し、なめらかで均一な素肌をサポートします。 ⸻ 特徴 • 皮脂コントロール：過剰な皮脂を抑制し、テカリやベタつきを防ぐ • 鎮静作用：赤みや炎症を落ち着かせ、トラブルを予防 • 保湿成分：乾燥を防ぎ、バランスの取れた肌へ • 集中ケア：定期的な使用で、健やかでなめらかな肌を維持 ⸻ このような方におすすめ • ニキビや吹き出物ができやすい方 • 脂性肌・混合肌で皮脂トラブルが気になる方 • 肌荒れや赤みをケアしたい方 • 毛穴の詰まりやざらつきを改善したい方 ⸻ 使用方法 洗顔後、顔全体または気になる部分に均一に塗布してください。 10〜15分放置した後、ぬるま湯でやさしく洗い流します。週1〜2回のご使用がおすすめです。 ⸻ 商品詳細 • 内容量：300ml • ブランド：CHRISTINA（クリスティーナ） • ライン：COMODEX（コモデックス） • 原産国：イスラエル ⸻ スムース＆レギュレーション マスクは、ニキビケアと皮脂調整を同時に叶える集中ケアアイテム。 定期的に使用することで、健やかでなめらかな美肌をサポートします。","in stock","new","6000 JPY","https://aimer12.base.shop/items/116549349","https://baseec-img-mng.akamaized.net/images/item/origin/bfd1aeeb292c7543e39418e85b79a611.jpg?imformat=generic&q=90&im=Resize,width=1200,type=normal","https://baseec-img-mng.akamaized.net/images/item/origin/402f58e9fdfd7e68491646694d4146e0.jpg?imformat=generic&q=90&im=Resize,width=1200,type=normal","CHRISTINA","CHRISTINA > COMODEX(コモデックス)",""
"116549273","クリーン&クリアクレンザー250ml","CHRISTINA COMODEX クリーン＆クリア クレンザー 250ml ニキビや皮脂トラブルを防ぎながら、余分な皮脂や汚れをすっきり落とす洗顔料。 肌に負担をかけずに洗浄し、清潔で健やかな肌を保ちます。脂性肌やニキビ肌の毎日ケアに最適です。 ⸻ 特徴 • 抗菌・整肌成分：ニキビの原因となる菌の繁殖を抑制し、肌を清潔に保つ • 皮脂コントロール：余分な皮脂を取り除き、毛穴詰まりを防止 • マイルド洗浄：刺激を抑えた処方で、敏感になりやすいトラブル肌にも使用可能 • 毎日使える：過剰に洗いすぎず、健やかな肌環境をキープ ⸻ このような方におすすめ • ニキビや吹き出物ができやすい方 • 脂性肌・混合肌で皮脂バランスを整えたい方 • 毛穴の詰まりや黒ずみが気になる方 • 毎日安心して使える洗顔料を探している方 ⸻ 使用方法 適量を手に取り、泡立ててから顔全体をやさしく洗浄してください。 その後、ぬるま湯でしっかり洗い流してください。朝晩のご使用がおすすめです。 ⸻ 商品詳細 • 内容量：250ml • ブランド：CHRISTINA（クリスティーナ） • ライン：COMODEX（コモデックス） • 原産国：イスラエル ⸻ クリーン＆クリア クレンザーは、ニキビケアと皮脂コントロールを両立したマイルドな洗顔料。 毎日の使用で、トラブルを防ぎ、なめらかで清潔な素肌へ導きます。 ※クリスティーナはカウンセリングの必要な化粧品になりますので、初回ご購入の方は【カウンセリング希望】と公式LINEにメッセージをください♡","in stock","new","6600 JPY","https://aimer12.base.shop/items/116549273","https://baseec-img-mng.akamaized.net/images/item/origin/55bbb17a6e8e0066c36fd2c2a87d8ba3.jpg?imformat=generic&q=90&im=Resize,width=1200,type=normal","https://baseec-img-mng.akamaized.net/images/item/origin/d756d247f3b08f2f28d9d2aea109f3a9.jpg?imformat=generic&q=90&im=Resize,width=1200,type=normal,https://baseec-img-mng.akamaized.net/images/item/origin/040a32ffe5988e110e97fcadffd96955.jpg?imformat=generic&q=90&im=Resize,width=1200,type=normal","CHRISTINA","CHRISTINA > COMODEX(コモデックス)",""
"116545669","アブソリュートコントゥアセラム30ml","CHRISTINA FOREVER YOUNG アブソリュート コントゥア セラム 30ml 目元・口元・フェイスラインなど、年齢サインが現れやすい部分を集中的にケアする美容液。 ピンとしたハリ感を与え、すっきりと引き締まった若々しい印象へ導きます。 ⸻ 特徴 • リフティングサポート：たるみやハリ不足が気になる部分にアプローチ • エイジングケア：小ジワや乾燥によるサインをなめらかに整える • 集中保湿：うるおいを届け、しっとり感をキープ • 部分用処方：目元や口元などデリケートなエリアにも使用可能 ⸻ このような方におすすめ • 目元・口元・フェイスラインのたるみやシワが気になる方 • 集中的にハリ・弾力をケアしたい方 • 若々しい印象を保ちたい方 • 部分ケア用の高機能美容液をお探しの方 ⸻ 使用方法 朝晩、洗顔・化粧水・美容液の後に、目元や口元、フェイスラインなど気になる部分に少量をなじませてください。 その後クリームで仕上げると効果的です。 ⸻ 商品詳細 • 内容量：30ml • ブランド：CHRISTINA（クリスティーナ） • ライン：FOREVER YOUNG（フォーエバーヤング） • 原産国：イスラエル ⸻ アブソリュート コントゥア セラムは、年齢サインが出やすい部分を集中ケアする高機能美容液。 毎日の習慣に取り入れることで、すっきりと引き締まった若々しい肌をサポートします。 ※クリスティーナはカウンセリングの必要な化粧品になりますので、初回ご購入の方は【カウンセリング希望】と公式LINEにメッセージをください♡","in stock","new","14300 JPY","https://aimer12.base.shop/items/116545669","https://baseec-img-mng.akamaized.net/images/item/origin/8bb0e770179b8bd1ba89aa553a121797.jpg?imformat=generic&q=90&im=Resize,width=1200,type=normal","https://baseec-img-mng.akamaized.net/images/item/origin/e21ebf376fc82b14977415087119c143.jpg?imformat=generic&q=90&im=Resize,width=1200,type=normal,https://baseec-img-mng.akamaized.net/images/item/origin/5e025adaeb8a7a1b92af076e7e3e0bc0.jpg?imformat=generic&q=90&im=Resize,width=1200,type=normal","CHRISTINA","CHRISTINA > FOREVER YOUNG(フォエバーヤング)",""
"116546094","アブソリュートコントゥアキット（3点セット）","CHRISTINA FOREVER YOUNG アブソリュート コントゥア キット 目元・口元・フェイスラインなど年齢サインが出やすい部分を集中ケアするリフティング＆ハリ感サポートキット。 専用のジェルとクリームが相乗的に働き、ピンと引き締まった若々しい印象へ導きます。 ⸻ 特徴 • リフティング効果：フェイスラインや目元・口元にハリを与え、すっきりとした印象へ • 集中ケア処方：ジェルとクリームの2ステップで効果を最大化 • 保湿・弾力サポート：乾燥による小ジワをケアし、ふっくら肌へ • 自宅で簡単：サロンケア級の集中エイジングケアを自宅で実現 ⸻ このような方におすすめ • 目元や口元の小ジワやたるみが気になる方 • フェイスラインを引き締めたい方 • 若々しいハリと弾力を取り戻したい方 • 特別な日の前に集中ケアをしたい方 ⸻ 使用方法 1. 清潔な肌にジェルを適量なじませ、気になる部分を引き上げるようにマッサージ。 2. 続けてクリームを重ね塗りし、うるおいとハリを密閉。 週数回のスペシャルケアとしてご使用ください。 ⸻ 商品詳細 • 内容量：キット（ジェル＋クリーム） • ブランド：CHRISTINA（クリスティーナ） • ライン：FOREVER YOUNG（フォーエバーヤング） • 原産国：イスラエル ⸻ アブソリュート コントゥア キットは、年齢サインに多角的にアプローチし、自宅でリフティング＆ハリ感ケアができる特別アイテム。 大切な日の前におすすめの集中トリートメントです。 ※クリスティーナはカウンセリングの必要な化粧品になりますので、初回ご購入の方は【カウンセリング希望】と公式LINEにメッセージをください♡","in stock","new","36300 JPY","https://aimer12.base.shop/items/116546094","https://baseec-img-mng.akamaized.net/images/item/origin/db08fc0a2effc00638b759ab5222647f.jpg?imformat=generic&q=90&im=Resize,width=1200,type=normal","","CHRISTINA","CHRISTINA > FOREVER YOUNG(フォエバーヤング)",""
"116546128","3ロニックセラム30ml","CHRISTINA FOREVER YOUNG 3ロニック セラム 30ml 3種類の分子量のヒアルロン酸を組み合わせた多層保湿セラム。 角層の表面から内部まで水分を素早く届け、ふっくらとしたボリューム感となめらかなキメへ導きます。乾燥による小ジワを目立ちにくく整え、うるおいバリアをサポートします。 ⸻ 特徴 • 多層保湿：異なる分子量のヒアルロン酸が各層に働きかけ、長時間うるおいをキープ • ハリ・弾力ケア：内側からふっくら感を与え、キメを整える • 小ジワ対策：乾燥によるちりめんジワをなめらかに見せる • 軽やかな使用感：べたつかず朝晩のケアやメイク前にも使いやすい ⸻ このような方におすすめ • 乾燥・つっぱり・インナードライが気になる • ハリ不足や小ジワをケアしたい • メイクのノリを良くしたい • さっぱり質感の高保湿セラムを探している ⸻ 使用方法 朝晩、化粧水の後に2〜3滴を顔全体（首元も可）になじませ、クリームで仕上げてください。乾燥が強い部分は重ね付けがおすすめです。 ⸻ 商品詳細 • 内容量：30ml • ブランド：CHRISTINA（クリスティーナ） • ライン：FOREVER YOUNG（フォーエバーヤング） • 原産国：イスラエル ※クリスティーナはカウンセリングの必要な化粧品になりますので、初回ご購入の方は【カウンセリング希望】と公式LINEにメッセージをください♡","in stock","new","14300 JPY","https://aimer12.base.shop/items/116546128","https://baseec-img-mng.akamaized.net/images/item/origin/4b12645aa4375231b357d891ce215b96.jpg?imformat=generic&q=90&im=Resize,width=1200,type=normal","https://baseec-img-mng.akamaized.net/images/item/origin/bb55786c6dbf0ef526705d3c7a9a22f3.jpg?imformat=generic&q=90&im=Resize,width=1200,type=normal","CHRISTINA","CHRISTINA > FOREVER YOUNG(フォエバーヤング)",""
"116546051","アイゾーントリートメント30ml","CHRISTINA FOREVER YOUNG アイゾーン トリートメント 30ml 乾燥や小ジワ、くすみなど年齢サインが出やすい目元を集中ケアするアイクリーム。 繊細な目元の肌にうるおいとハリを与え、明るく若々しい印象へ導きます。 ⸻ 特徴 • 高保湿処方：乾燥による小ジワを目立ちにくく整える • ハリ・弾力ケア：ふっくらとした若々しい目元へ • 透明感アップ：くすみを和らげ、明るい印象をサポート • やさしい使用感：デリケートな目元に配慮した軽やかなテクスチャー ⸻ このような方におすすめ • 乾燥による小ジワが気になる方 • くすみやハリ不足で疲れて見えやすい方 • エイジングケアを目元から始めたい方 • 明るく若々しい印象の目元を目指す方 ⸻ 使用方法 朝晩、米粒大を薬指に取り、目のまわりに点置きしてやさしくなじませてください。 軽くタッピングするように浸透させるとより効果的です。 ⸻ 商品詳細 • 内容量：30ml • ブランド：CHRISTINA（クリスティーナ） • ライン：FOREVER YOUNG（フォーエバーヤング） • 原産国：イスラエル ⸻ アイゾーン トリートメントは、乾燥小ジワやハリ不足など目元特有の年齢サインに応える集中アイケア。 毎日の使用で、なめらかで明るい目元をサポートします。 ※クリスティーナはカウンセリングの必要な化粧品になりますので、初回ご購入の方は【カウンセリング希望】と公式LINEにメッセージをください♡","in stock","new","6930 JPY","https://aimer12.base.shop/items/116546051","https://baseec-img-mng.akamaized.net/images/item/origin/bfe03093bec0df04bc5de5faea01b589.jpg?imformat=generic&q=90&im=Resize,width=1200,type=normal","https://baseec-img-mng.akamaized.net/images/item/origin/e542100c94c8a0093ce1a62d2834f573.jpg?imformat=generic&q=90&im=Resize,width=1200,type=normal,https://baseec-img-mng.akamaized.net/images/item/origin/20442240720e71c350f8bda71c2e0306.jpg?imformat=generic&q=90&im=Resize,width=1200,type=normal","CHRISTINA","CHRISTINA > FOREVER YOUNG(フォエバーヤング)",""
"116546019","ラディアンズモイスチャライジングマスク50ml","CHRISTINA FOREVER YOUNG ラディアンス モイスチャライジング マスク 50ml 乾燥やハリ不足をケアし、肌にうるおいとツヤを与える集中保湿マスク。 みずみずしいテクスチャーで心地よく肌になじみ、使うたびに明るくなめらかな素肌へ導きます。 ⸻ 特徴 • 高保湿処方：角質層までしっかり水分を補給し、乾燥を防止 • ハリ・弾力サポート：ふっくら感を与え、若々しい肌印象へ • 透明感アップ：くすみを和らげ、明るい素肌へ • リフレッシュ効果：使うたびにしっとりと健やかな状態へ整える ⸻ このような方におすすめ • 乾燥やごわつきが気になる方 • 肌のハリ・弾力を取り戻したい方 • 透明感のある肌を目指す方 • 集中的な保湿ケアを取り入れたい方 ⸻ 使用方法 洗顔後、顔全体に均一に塗布し、10〜15分置いてからぬるま湯で洗い流してください。 週2〜3回の使用がおすすめです。 ⸻ 商品詳細 • 内容量：50ml • ブランド：CHRISTINA（クリスティーナ） • ライン：FOREVER YOUNG（フォーエバーヤング） • 原産国：イスラエル ⸻ ラディアンス モイスチャライジング マスクは、乾燥や年齢サインをケアし、若々しいツヤと透明感を与える集中保湿マスク。 週数回のスペシャルケアで、しっとりと輝く素肌を実感いただけます。 ※クリスティーナはカウンセリングの必要な化粧品になりますので、初回ご購入の方は【カウンセリング希望】と公式LINEにメッセージをください♡","in stock","new","9900 JPY","https://aimer12.base.shop/items/116546019","https://baseec-img-mng.akamaized.net/images/item/origin/6f0b4fec86869f8640166d60b37c29f7.jpg?imformat=generic&q=90&im=Resize,width=1200,type=normal","https://baseec-img-mng.akamaized.net/images/item/origin/3e40dbc6c86bcdab6c1f084a5ec66827.jpg?imformat=generic&q=90&im=Resize,width=1200,type=normal,https://baseec-img-mng.akamaized.net/images/item/origin/65ac0d7b93093e68c05032cd18453b45.jpg?imformat=generic&q=90&im=Resize,width=1200,type=normal","CHRISTINA","CHRISTINA > FOREVER YOUNG(フォエバーヤング)",""
"116545981","チン&ネックリモデリングクリーム50ml","CHRISTINA FOREVER YOUNG チン＆ネック リモデリング クリーム 50ml あご下や首元のハリ不足・たるみにアプローチする専用クリーム。 肌を引き締めてなめらかに整え、若々しいフェイスラインと首元をサポートします。 ⸻ 特徴 • リフティング効果：たるみやゆるみが気になる部分を引き締め • ハリ・弾力サポート：首元からフェイスラインまで若々しい印象へ • 保湿成分：乾燥を防ぎ、なめらかな質感をキープ • 専用ケア：デリケートで年齢サインの出やすい首・あご下に特化 ⸻ このような方におすすめ • あご下やフェイスラインのたるみが気になる方 • 首元に年齢サインが出やすい方 • ハリと弾力を取り戻したい方 • 集中的に首・あご下をケアしたい方 ⸻ 使用方法 朝晩、化粧水や美容液で整えた後に適量をとり、首からあごにかけて下から上に引き上げるようになじませてください。 毎日の使用がおすすめです。 ⸻ 商品詳細 • 内容量：50ml • ブランド：CHRISTINA（クリスティーナ） • ライン：FOREVER YOUNG（フォーエバーヤング） • 原産国：イスラエル ⸻ チン＆ネック リモデリング クリームは、首元やフェイスラインに特化した集中ケアクリーム。 毎日の習慣に取り入れることで、すっきりとした若々しい印象をサポートします。 ※クリスティーナはカウンセリングの必要な化粧品になりますので、初回ご購入の方は【カウンセリング希望】と公式LINEにメッセージをください♡","in stock","new","14300 JPY","https://aimer12.base.shop/items/116545981","https://baseec-img-mng.akamaized.net/images/item/origin/a8aad4a0ca0126b0e51855d193042d2f.jpg?imformat=generic&q=90&im=Resize,width=1200,type=normal","https://baseec-img-mng.akamaized.net/images/item/origin/44c5e443d88df63d82011c86047aaa29.jpg?imformat=generic&q=90&im=Resize,width=1200,type=normal","CHRISTINA","CHRISTINA > FOREVER YOUNG(フォエバーヤング)",""
"116545769","モイスチャーフュージョンクリーム 50ml","肌にうるおいを与えながら、ハリ・弾力・柔らかさを保つ高保湿クリーム。 軽やかなテクスチャーでべたつかず、長時間しっとりとしたうるおいが続きます。 乾燥による小じわやハリ不足が気になる方におすすめです。 ⸻ 特徴 ・ヒアルロン酸：肌の水分を保持し、ふっくらとしたハリをサポート ・シアバター：乾燥を防ぎ、なめらかで柔らかな肌へ ・ビタミンE：肌の酸化を防ぎ、健康的なツヤをキープ ・軽やかでみずみずしいテクスチャーが心地よく、朝夜問わず使用可能 ⸻ このような方におすすめ ・乾燥やつっぱり感が気になる ・ハリや弾力の低下を感じる ・メイクのりを良くしたい ・一年を通して保湿ケアをしたい ⸻ 使用方法 朝・夜のスキンケアの最後に、適量を手に取り、顔全体と首元になじませてください。 乾燥の気になる部分には重ねづけがおすすめです。 ⸻ 商品詳細 ・内容量：50ml ・ブランド：CHRISTINA（クリスティーナ） ・ライン：YOUNG（ヤング） ・原産国：イスラエル ※クリスティーナはカウンセリングの必要な化粧品になりますので、初回ご購入の方は【カウンセリング希望】と公式LINEにメッセージをください♡","in stock","new","14300 JPY","https://aimer12.base.shop/items/116545769","https://baseec-img-mng.akamaized.net/images/item/origin/e2708eff493ef5f333d1a2ac76fc1b24.jpg?imformat=generic&q=90&im=Resize,width=1200,type=normal","https://baseec-img-mng.akamaized.net/images/item/origin/fd0a6b58779a7c8e359ff3de7670a99a.jpg?imformat=generic&q=90&im=Resize,width=1200,type=normal,https://baseec-img-mng.akamaized.net/images/item/origin/ad2abf4af8fa585fbb4d1e2a61bfdbc5.jpg?imformat=generic&q=90&im=Resize,width=1200,type=normal,https://baseec-img-mng.akamaized.net/images/item/origin/76a6c42058c196cb103a79ca01a1ecfa.jpg?imformat=generic&q=90&im=Resize,width=1200,type=normal","CHRISTINA","CHRISTINA > FOREVER YOUNG(フォエバーヤング)",""
"116545741","リペアリングナイトクリーム50ml","CHRISTINA FOREVER YOUNG リペアリング ナイトクリーム 50ml 眠っている間に肌を集中的にケアし、ハリと弾力を与える夜用クリーム。 乾燥や日中の外的ダメージを補修し、翌朝はふっくらなめらかな素肌へ導きます。 ⸻ 特徴 • 修復サポート：夜の肌再生サイクルに合わせてダメージをケア • 高保湿処方：乾燥による小ジワやごわつきを防ぐ • ハリ・弾力ケア：ふっくらとした若々しい肌印象へ • エイジングケア：年齢サインに多角的にアプローチ ⸻ このような方におすすめ • 夜のうちに肌を集中ケアしたい方 • 乾燥や小ジワ・ハリ不足が気になる方 • 翌朝の肌をなめらかに整えたい方 • エイジングケアを毎日の習慣にしたい方 ⸻ 使用方法 夜、洗顔・化粧水・美容液で整えた後に適量を顔全体と首元になじませてください。 毎晩の使用がおすすめです。 ⸻ 商品詳細 • 内容量：50ml • ブランド：CHRISTINA（クリスティーナ） • ライン：FOREVER YOUNG（フォーエバーヤング） • 原産国：イスラエル ⸻ リペアリング ナイトクリームは、夜の間に肌を修復・保湿し、翌朝にはふっくらとしたハリ肌を実感できるナイトケア。 エイジングサインが気になる方に最適な夜用クリームです。 ※クリスティーナはカウンセリングの必要な化粧品になりますので、初回ご購入の方は【カウンセリング希望】と公式LINEにメッセージをください♡","in stock","new","16500 JPY","https://aimer12.base.shop/items/116545741","https://baseec-img-mng.akamaized.net/images/item/origin/d592bbc1fe0fdfe0e9ab893280eb9a62.jpg?imformat=generic&q=90&im=Resize,width=1200,type=normal","https://baseec-img-mng.akamaized.net/images/item/origin/0b9f33c031f0fab176a9bc17924d5ce5.jpg?imformat=generic&q=90&im=Resize,width=1200,type=normal,https://baseec-img-mng.akamaized.net/images/item/origin/75c1eecb3186ff4c0c7caca71cebbf93.jpg?imformat=generic&q=90&im=Resize,width=1200,type=normal","CHRISTINA","CHRISTINA > FOREVER YOUNG(フォエバーヤング)",""
"116545715","ハイドラプロテクティブデイクリームSPF25 50ml","CHRISTINA FOREVER YOUNG ハイドラ プロテクティブ デイクリーム SPF25 50ml 日中の紫外線や乾燥から肌を守り、うるおいとハリを与えるデイクリーム。 軽やかな使い心地でベタつかず、しっとり感を長時間キープ。エイジングケアと紫外線対策を同時に叶えます。 ⸻ 特徴 • SPF25配合：日常紫外線から肌を守り、光老化を予防 • 高保湿処方：乾燥による小ジワやごわつきを防ぎ、しっとり肌へ • ハリ・弾力サポート：ふっくら若々しい肌印象を維持 • 快適テクスチャー：軽やかにのびて、メイク下地としても使用可能 ⸻ このような方におすすめ • 日中の紫外線や乾燥が気になる方 • エイジングケアを日常的に取り入れたい方 • ベタつかずしっとり感が続くクリームを探している方 • 化粧下地としても使える日中用保湿アイテムを求める方 ⸻ 使用方法 朝のスキンケアの最後に、顔全体と首元に均一に塗布してください。 日中の外出時は日焼け止めと併用するとより効果的です。 ⸻ 商品詳細 • 内容量：50ml • ブランド：CHRISTINA（クリスティーナ） • ライン：FOREVER YOUNG（フォーエバーヤング） • 原産国：イスラエル ⸻ ハイドラ プロテクティブ デイクリーム SPF25は、紫外線対策と保湿を同時に叶えるマルチケアクリーム。 毎日のケアで、乾燥や光老化に負けない健やかな肌をサポートします。 ※クリスティーナはカウンセリングの必要な化粧品になりますので、初回ご購入の方は【カウンセリング希望】と公式LINEにメッセージをください♡","in stock","new","16500 JPY","https://aimer12.base.shop/items/116545715","https://baseec-img-mng.akamaized.net/images/item/origin/54f98b8123978df339148c244c93ed10.jpg?imformat=generic&q=90&im=Resize,width=1200,type=normal","https://baseec-img-mng.akamaized.net/images/item/origin/b0f6edef643b7cab40006d3e11e8c66a.jpg?imformat=generic&q=90&im=Resize,width=1200,type=normal,https://baseec-img-mng.akamaized.net/images/item/origin/5c3f9b07f002fdf9407c401a003b64f9.jpg?imformat=generic&q=90&im=Resize,width=1200,type=normal","CHRISTINA","CHRISTINA > FOREVER YOUNG(フォエバーヤング)",""
"116545622","トータルリニューアルセラム30ml","CHRISTINA FOREVER YOUNG トータル リニューアル セラム 30ml 年齢サインに多角的にアプローチし、ハリ・弾力・透明感を引き出すエイジングケア美容液。 軽やかなテクスチャーで肌にすっとなじみ、若々しい印象を保ちます。 ⸻ 特徴 • マルチエイジングケア：シワ・ハリ不足・くすみなど複合的な悩みに対応 • ハリ・弾力サポート：ふっくらとした若々しい肌へ導く • 透明感アップ：くすみを抑え、明るい肌トーンをサポート • 軽やかな使用感：朝晩どちらにも快適に使えるテクスチャー ⸻ このような方におすすめ • シワやハリ不足が気になる方 • 肌のくすみを改善し、明るさを取り戻したい方 • 総合的にエイジングケアを取り入れたい方 • 毎日のスキンケアで若々しい印象をキープしたい方 ⸻ 使用方法 朝晩、洗顔・化粧水で整えた後、適量を顔全体になじませてください。 その後クリームで仕上げるとより効果的です。 ⸻ 商品詳細 • 内容量：30ml • ブランド：CHRISTINA（クリスティーナ） • ライン：FOREVER YOUNG（フォーエバーヤング） • 原産国：イスラエル ⸻ トータル リニューアル セラムは、複合的な年齢サインに働きかけるオールラウンド美容液。 毎日のケアで、若々しく弾力のある健やかな肌をサポートします。 ※クリスティーナはカウンセリングの必要な化粧品になりますので、初回ご購入の方は【カウンセリング希望】と公式LINEにメッセージをください♡","in stock","new","13200 JPY","https://aimer12.base.shop/items/116545622","https://baseec-img-mng.akamaized.net/images/item/origin/62555a8b4efc32a505d46baa2d25be8a.jpg?imformat=generic&q=90&im=Resize,width=1200,type=normal","https://baseec-img-mng.akamaized.net/images/item/origin/4ac18fa17da3e65edd3e0bd422d92bd6.jpg?imformat=generic&q=90&im=Resize,width=1200,type=normal,https://baseec-img-mng.akamaized.net/images/item/origin/c85253cb7c703f4eb733fb5d4644eb55.jpg?imformat=generic&q=90&im=Resize,width=1200,type=normal","CHRISTINA","CHRISTINA > FOREVER YOUNG(フォエバーヤング)",""
"116545592","アブソリュートフィックス30ml","表情ジワやハリ不足をケアし、若々しい印象の肌へ導く美容液。 塗るボトックスとも呼ばれる高機能成分を配合し、肌を引き締めながらなめらかなハリを与えます。 年齢サインが気になる部分にアプローチし、ふっくらと弾むような肌へ。 ⸻ 特徴 ・ヘキサペプチド：表情筋の緊張をやわらげ、シワの原因にアプローチ ・ヒアルロン酸：肌内部にうるおいを与え、弾力とハリ感をサポート ・ペプチド複合体：コラーゲンの生成を促し、肌の土台を強化 ・軽い質感で肌にすっとなじみ、メイク前にも使用可能 ⸻ このような方におすすめ ・目元や口元の表情ジワが気になる ・ハリ・弾力の低下を感じる ・フェイスラインを引き締めたい ・エイジングケアを始めたい ⸻ 使用方法 朝・夜の洗顔後、化粧水や美容液で整えた肌に1〜2プッシュを気になる部分へなじませてください。 その後、クリームなどで仕上げます。 メイク前にも使用でき、ハリのあるなめらかな仕上がりをサポートします。 ⸻ 商品詳細 ・内容量：30ml ・ブランド：CHRISTINA（クリスティーナ） ・ライン：YOUNG（ヤング） ・原産国：イスラエル ※クリスティーナはカウンセリングの必要な化粧品になりますので、初回ご購入の方は【カウンセリング希望】と公式LINEにメッセージをください♡","in stock","new","24200 JPY","https://aimer12.base.shop/items/116545592","https://baseec-img-mng.akamaized.net/images/item/origin/c9fcd880c3c347bf418114dba8ad6ecb.jpg?imformat=generic&q=90&im=Resize,width=1200,type=normal","https://baseec-img-mng.akamaized.net/images/item/origin/7c48857aa8c198554bd690ed8372a61d.jpg?imformat=generic&q=90&im=Resize,width=1200,type=normal,https://baseec-img-mng.akamaized.net/images/item/origin/da5b13afb645479fed962251f207a3e9.jpg?imformat=generic&q=90&im=Resize,width=1200,type=normal,https://baseec-img-mng.akamaized.net/images/item/origin/ee733b9ec0249f9645e4a6117dffb7ea.jpg?imformat=generic&q=90&im=Resize,width=1200,type=normal","CHRISTINA","CHRISTINA > FOREVER YOUNG(フォエバーヤング)",""
"116545566","モイスチャーフュージョンセラム30ml","乾燥によるくすみやハリ不足をケアし、うるおいに満ちたなめらかな肌へ導く美容液。 肌にすっとなじみ、水分をしっかりと抱え込みながらキメを整え、透明感と弾力のある肌を叶えます。 軽やかな使用感で、ベタつかずに一日中しっとり感が続きます。 ⸻ 特徴 ・ヒアルロン酸：肌の内側まで水分を届け、ハリと弾力をサポート ・ビタミンE：乾燥や外的刺激から肌を守り、健やかに保つ ・パンテノール（ビタミンB5）：肌を落ち着かせ、なめらかな質感に整える ・軽やかで伸びの良いテクスチャーが、みずみずしく透明感のある肌へ導く ⸻ このような方におすすめ ・乾燥やつっぱり感が気になる ・肌のハリ・弾力が低下してきた ・キメの乱れやくすみが気になる ・メイクのりを良くしたい ⸻ 使用方法 朝・夜の洗顔後、化粧水で整えた肌に2〜3滴を顔全体になじませてください。 乾燥が気になる部分には重ねづけがおすすめです。 その後、クリームでうるおいを閉じ込めてください。 ⸻ 商品詳細 ・内容量：30ml ・ブランド：CHRISTINA（クリスティーナ） ・ライン：YOUNG（ヤング） ・原産国：イスラエル ※クリスティーナはカウンセリングの必要な化粧品になりますので、初回ご購入の方は【カウンセリング希望】と公式LINEにメッセージをください♡","in stock","new","16500 JPY","https://aimer12.base.shop/items/116545566","https://baseec-img-mng.akamaized.net/images/item/origin/f05045ef12be18c077a5e23d3f71c60b.jpg?imformat=generic&q=90&im=Resize,width=1200,type=normal","https://baseec-img-mng.akamaized.net/images/item/origin/d3644b9c5cf10a5165a23abe48c33d5f.jpg?imformat=generic&q=90&im=Resize,width=1200,type=normal,https://baseec-img-mng.akamaized.net/images/item/origin/a00bea7f4ef3f5f12a76b6efaa611412.jpg?imformat=generic&q=90&im=Resize,width=1200,type=normal","CHRISTINA","CHRISTINA > FOREVER YOUNG(フォエバーヤング)",""
"116545525","バランシングトナー300ml","CHRISTINA FOREVER YOUNG バランシング トナー 300ml 肌のpHバランスを整え、うるおいを与えながら健やかに保つ化粧水。 洗顔後の肌を落ち着かせ、次に使うスキンケアの浸透をサポートします。 ⸻ 特徴 • pHバランス調整：洗顔後の乱れがちな肌をすばやく整える • 保湿サポート：乾燥を防ぎ、しっとり感を持続 • 透明感アップ：くすみを和らげ、明るい素肌へ • マイルド処方：毎日の使用に適したやさしい使い心地 ⸻ このような方におすすめ • 洗顔後につっぱりを感じやすい方 • 肌の水分と油分のバランスを整えたい方 • 乾燥やくすみが気になる方 • デイリーケアに取り入れやすい化粧水を探している方 ⸻ 使用方法 洗顔後、コットンまたは手に適量を取り、顔全体と首元にやさしくなじませてください。 朝晩のスキンケアにご使用いただけます。 ⸻ 商品詳細 • 内容量：300ml • ブランド：CHRISTINA（クリスティーナ） • ライン：FOREVER YOUNG（フォーエバーヤング） • 原産国：イスラエル ⸻ バランシング トナーは、うるおいと透明感を与えながら肌を健やかに整える化粧水。 毎日のスキンケアに取り入れることで、しっとりなめらかな素肌をキープできます。 ※クリスティーナはカウンセリングの必要な化粧品になりますので、初回ご購入の方は【カウンセリング希望】と公式LINEにメッセージをください♡","in stock","new","7700 JPY","https://aimer12.base.shop/items/116545525","https://baseec-img-mng.akamaized.net/images/item/origin/9b7ec217636e8bdee3d043bd2c658b90.jpg?imformat=generic&q=90&im=Resize,width=1200,type=normal","https://baseec-img-mng.akamaized.net/images/item/origin/ce33f73cae583e8b4f9104a14b694edc.jpg?imformat=generic&q=90&im=Resize,width=1200,type=normal,https://baseec-img-mng.akamaized.net/images/item/origin/d1b28a0c801ebfba2938e65205463a4d.jpg?imformat=generic&q=90&im=Resize,width=1200,type=normal","CHRISTINA","CHRISTINA > FOREVER YOUNG(フォエバーヤング)",""
"116545501","ジェントルクレンジングミルク300ml","CHRISTINA FOREVER YOUNG ジェントル クレンジング ミルク 300ml 肌に必要なうるおいを守りながら、メイクや汚れをやさしく落とすミルクタイプのクレンジング。 敏感な肌にも負担をかけにくく、しっとりなめらかな洗い上がりを実感できます。 ⸻ 特徴 • マイルド洗浄：汚れやメイクをしっかり落としつつ、やさしい使い心地 • 保湿成分配合：洗浄後もつっぱらず、しっとり感をキープ • バリアサポート：肌に必要なうるおいは残し、健やかに整える • 毎日使える：敏感肌や乾燥肌の方にも適した低刺激処方 ⸻ このような方におすすめ • 乾燥肌や敏感肌の方 • メイク落としでつっぱり感が気になる方 • 肌にやさしいクレンジングを探している方 • 毎日の基本ケアを安心して続けたい方 ⸻ 使用方法 適量を手に取り、顔全体にやさしくなじませてからぬるま湯で洗い流す、またはコットンで拭き取ってください。 朝晩の洗顔・クレンジングにご使用いただけます。 ⸻ 商品詳細 • 内容量：300ml • ブランド：CHRISTINA（クリスティーナ） • ライン：FOREVER YOUNG（フォーエバーヤング） • 原産国：イスラエル ⸻ ジェントル クレンジング ミルクは、やさしさと洗浄力を両立した毎日使えるクレンジング。 しっとりなめらかな素肌を保ち、健やかな肌環境をサポートします。 ※クリスティーナはカウンセリングの必要な化粧品になりますので、初回ご購入の方は【カウンセリング希望】と公式LINEにメッセージをください♡","in stock","new","7700 JPY","https://aimer12.base.shop/items/116545501","https://baseec-img-mng.akamaized.net/images/item/origin/0ebc13e4c0f2ca5e408d0ae3d9c0eaa1.jpg?imformat=generic&q=90&im=Resize,width=1200,type=normal","https://baseec-img-mng.akamaized.net/images/item/origin/cc159d317a0d02c849adf21c8c3bb99d.jpg?imformat=generic&q=90&im=Resize,width=1200,type=normal,https://baseec-img-mng.akamaized.net/images/item/origin/2f308b182accdc691447259f7c58b1ad.jpg?imformat=generic&q=90&im=Resize,width=1200,type=normal","CHRISTINA","CHRISTINA > FOREVER YOUNG(フォエバーヤング)",""
"116543405","リジェネレーションクリーム50ml","皮膚へ豊富な栄養補給を促し、 強力な保湿効果を提供します。 皮膚内へ水分を持続的に供給して乾燥肌の水分の バランスを維持させてくれます。 スキンケアの1番最後にお使いください！ 保湿効果を上げたい場合に セラムと併用すると効果があります。 【主要成分】 カンゾウ抽出物 皮膚細胞間の結合促進、肌への水分供給 カモミール抽出物 鎮静作用、皮膚の保護 ユーカリ葉エキス 皮脂バランス調整、殺菌、免疫力強化 緑茶抽出物 皮膚再生効果、アンチエイジング効果 50mL","in stock","new","13200 JPY","https://aimer12.base.shop/items/116543405","https://baseec-img-mng.akamaized.net/images/item/origin/f46bee0320c17e305e65bad475b09671.jpg?imformat=generic&q=90&im=Resize,width=1200,type=normal","https://baseec-img-mng.akamaized.net/images/item/origin/6bb356e38e0ae476eaba64ad17b7e1bb.jpg?imformat=generic&q=90&im=Resize,width=1200,type=normal","HAAB","HAAB > HAAB REPRO(ハーブリプロ)","members_only"
"116543141","ボタニカルスーティングトナー500ml","施術後の鎮静に効果がある化粧水です。 施術後から剥離が始まるまでの間は肌が不安定なので、トナーでたっぷりと保湿と影響の供給を行う事が大切です。 ⚫HAAB REPROの施術をしたお客様や、荒れているお肌の方はまず、この化粧水をオススメ致します ※アラントインが含まれているため、小さい傷や皮膚トラブルのあるところ、ホルモンバランスや抵抗力が下がっているところがピリピリする現象が起こります。 化粧水を継続使用することでも状態は改善していきます。 ノンアルコールで眼の周りにも使用出来ます。 炎症、乾燥、引き締め、老化 等様々な肌に対応します。 【主要成分】 ラベンダー・アラントイン 皮膚の細胞再生を促進、鎮静効果、ローズウォーター 乾燥した皮膚への栄養補給、鎮静効果 250mL","in stock","new","18150 JPY","https://aimer12.base.shop/items/116543141","https://baseec-img-mng.akamaized.net/images/item/origin/565684a64a8072a2c0b6e24d30aa1215.jpg?imformat=generic&q=90&im=Resize,width=1200,type=normal","","HAAB","HAAB > HAAB REPRO(ハーブリプロ)","members_only"
"116543854","【カウンセリング商品】 生コラパーフェクションクリーム20ml","主要成分 生コラーゲン ヒオウギエキス メラニン抑制・抗炎 アルジシリン ボトックス作用 フラーレン 抗酸化作用 トルマリン 紫外線防止・浸透力強化 商品説明 美容液・ベース・日焼け止め・ファンデーション・リフトアップが1本でできる最先端のゲルです。 東京工業大学・北海道大学の共同医療チームが開発した高濃度のメディカルコラーゲンと全く同じ形態で製造したものを使用。 これにより今まで出来なかった『常温保存』が可能になり、この商品が誕生しました。 ノンオイル・旧指定成分ブリー・生活紫外線カット(吸収剤不使用) アルコールフリー・パラベン・香料も不使用で安全を一番に考えた安心処方。 生コラーゲンの他にヒオウギエキス、アルジシリン、フラーレン、トルマリン5大美容成分のパワーで、シワ・超保湿・小顔ケアを効率的に行うことができます。 使用方法 お化粧の際にお使い頂けます。","in stock","new","4950 JPY","https://aimer12.base.shop/items/116543854","https://baseec-img-mng.akamaized.net/images/item/origin/c0f8af05cac31be796c2a3510494f147.jpg?imformat=generic&q=90&im=Resize,width=1200,type=normal","","HAAB","HAAB > HAAB REPRO(ハーブリプロ)","members_only"
"116543807","【カウンセリング商品】 トライアル3点セット（パウダー、トナー、Cゲル）","■商品名■ HAAB トライアルセット ■商品詳細■ ・プラセンタパウダー 10g ・スーティングトナー 20mL ・コエンザイムスーティングゲル 10mL 売れ筋のプラセンタパウダー、トナー、 コエンザイムスーティングゲルの3点 セットがトライアルサイズで登場。 1週間のホームケアとして、試していただきや すいサイズ感です。","in stock","new","4510 JPY","https://aimer12.base.shop/items/116543807","https://baseec-img-mng.akamaized.net/images/item/origin/49468e8bf6a2b49fa37fd7aad4cd5def.jpg?imformat=generic&q=90&im=Resize,width=1200,type=normal","https://baseec-img-mng.akamaized.net/images/item/origin/43c30d016c3326d49ba127ee1bfe1e77.png?imformat=generic&q=90&im=Resize,width=1200,type=normal","HAAB","HAAB > HAAB REPRO(ハーブリプロ)","members_only"
"116543723","【カウンセリング商品】 UVパーフェクション50ml","主要成分 ヒアルロン酸・トレハロース 保湿効果 コラーゲン 弾力性・ハリ・保湿効果 プラセンタ コラーゲン、エラスチン、ヒアルロン酸の生成 アルガンオイル 保湿効果・水分、油分の供給 アルブチン 美白効果 商品説明 施術後のお肌を紫外線から守る (SPF50PA++++)日焼け止めクリームです。 美容保湿成分を贅沢に配合した、お肌もしっかりと保湿する美容液タイプ。 白くならず、しっとりするのにべたつかないストレスフリーな使用感。 お肌の弱い方や敏感肌の方にもお使いいただけるように刺激の少ないマイクロカプセル化した紫外線吸収剤と使用感を向上させる成分に紫外線吸収剤を含ませた原料を使用し、お肌への刺激を少なくしております。 メイクのノリが良くなったり、化粧崩れしにくいなどUV化粧下地としても使えます。 使用方法 施術後のお肌を紫外線から守るために使用します。また、化粧下地としてもお使い頂けます。 メラニンを抑制している反面、紫外線を吸収しやすいのでUVパーフェクションは必ず購入して頂いてください。","in stock","new","6600 JPY","https://aimer12.base.shop/items/116543723","https://baseec-img-mng.akamaized.net/images/item/origin/63671002c7bbd2c3e607be51e9fb5e31.jpg?imformat=generic&q=90&im=Resize,width=1200,type=normal","","HAAB","HAAB > HAAB REPRO(ハーブリプロ)","members_only"
"116543665","【カウンセリング商品】O2アイリフト30ml","主要成分 Fiflow(フィフロー)浸透(角質層まで)ハリのビューティークリーム 酸素を含んだFiflowが角質層に浸透します。Fiflowの酸素が気体に変化し、集まり合って膨らみます。酸素の力で角質層の内側からふっくらさせます。 商品説明 即効性のある目元用クリームです。 高濃度酸素が肌をふっくらと持ち上げ 、短時間でシワ・たるみを目立たなくさせます。 使用方法 パール大の量を手元に出し、目元と首元に塗布してください。","in stock","new","13200 JPY","https://aimer12.base.shop/items/116543665","https://baseec-img-mng.akamaized.net/images/item/origin/464ca8d74b1edc47341bf18611177bf9.jpg?imformat=generic&q=90&im=Resize,width=1200,type=normal","","HAAB","HAAB > HAAB REPRO(ハーブリプロ)","members_only"
"116543490","【カウンセリング商品】 ビップオーツーゲル32ml","シワの原因は酸素不足です！ 注目の新成分「Fiflow(フィフロー)」配合で お肌の内側からハリを与えます。 注目の新成分「Fiflow(フィフロー)」はお肌に必要な酸素を運搬する働きを担い、角質層まで酸素を送り込みます。 成分の20%が酸素であるミクロレベルの粒子のこの成分は、肌に素早くなじみ、 角質層の酸素を含んで膨らみながら、内側からふっくらと肌をもち上げます。 さらにボトックス効果（マッサージによる効果）により、筋肉の緊張をほぐしながら短時間でシワを目立たなくさせ、 しっとりした潤い感とハリを維持しながらお肌をケアします。 【ご使用方法】 トナーでお肌を整えたあと、本品を２プッシュ手に取り、お顔全体にマッサージするように優しくなじませてください。 32mL","in stock","new","29150 JPY","https://aimer12.base.shop/items/116543490","https://baseec-img-mng.akamaized.net/images/item/origin/29ae25f58a279dd1874a1cf12483e546.jpg?imformat=generic&q=90&im=Resize,width=1200,type=normal","","HAAB","HAAB > HAAB REPRO(ハーブリプロ)","members_only"
"116543371","【カウンセリング商品 】ボタニカルリフレッシングゲル60ml","主要成分 アロ工抽出液 代表的な鎮静成分で水分及び栄養を供給します。 ツボクサエキス 怪我の治癒及び血液循環を促進します。 商品説明 皮膚に栄養と水分を供給し、皮膚の鎮静を助ける働きに優れているため、水分幕を形成し、皮膚の水分を長時間を維持させてくれます。","in stock","new","3630 JPY","https://aimer12.base.shop/items/116543371","https://baseec-img-mng.akamaized.net/images/item/origin/af59708c7c317a4eabff7a8c1d06f825.jpg?imformat=generic&q=90&im=Resize,width=1200,type=normal","","HAAB","HAAB > HAAB REPRO(ハーブリプロ)","members_only"
"116543045","プラセンタパウダー80ml","石鹸洗顔のようにシンプル、 かつ肌に負担をかけないタイプの洗顔料です。 通常のメイクであれば、ダブルクレンジングで しっかり落とせます。 洗顔後のつっぱり感がなくもちもちとした 感触が肌に生まれます。 汚れの吸着、美白効果、酵素の働き ひのき水で敏感な肌を安定させ活力を与えます！ 【ご使用方法】 酸素を原料としたパウダーを泡立てて使用。ご自宅でもスチーマーを併用することにより、お肌の隅々までディープクレンジングします。 80mL","in stock","new","13200 JPY","https://aimer12.base.shop/items/116543045","https://baseec-img-mng.akamaized.net/images/item/origin/d0360798b1ed07513f42bba75f15f776.jpg?imformat=generic&q=90&im=Resize,width=1200,type=normal","https://baseec-img-mng.akamaized.net/images/item/origin/fad77ba8d8950aab12cb14cbc45351df.jpg?imformat=generic&q=90&im=Resize,width=1200,type=normal","HAAB","HAAB > HAAB REPRO(ハーブリプロ)","members_only"
"116544092","【カウンセリング商品】 HAAB SEIN デイリーシートマスク５枚入り","デイリー使い出来るシートマスクです 15ml ×5枚入り 天然ハーブエキスを配合した、肌にやさしいマスク。 ハーブの力で美肌へ導く、ハーブスキン デイリーマスク。肌を包み込むような心地よい着け心地で、ハリやうるおいを与えます。さらに、洗い流しが不要でお手入れも簡単。忙しい朝や夜、ちょっとした時間にも使えるので、肌の手入れが苦手な人にもぴったりです。 水、DPG、グリセリン、ヒトサイタイ間葉幹細胞順化培 養液、プロパンジオール、ヒト臍帯血細胞順化培養 液、加水分解ヒアルロン酸Na、ピーナッツ油、アセチ ルヘキサペプチド8、卵殻膜、アセチルグルコサミン、 パルチミン酸レチノール、セリン、バリン、オウゴン根エ キス、乳酸Na、グリチルリチン酸2K、アルギニン、ア スパラギン酸、ヒアルロン酸Na、グリシン、アラニン、イ ソロイシン、トレオニン、プロリン、水添レシチン、ヒスチ ジン、フェニルアラニン、ヒドロキシエチルセルロース、 ベタイン、リゾレシチン、PEG-60水添ヒマシ油、 PCA-Na、BG、PCA、トコフェロール、フェノキシエタ ノール","in stock","new","9900 JPY","https://aimer12.base.shop/items/116544092","https://baseec-img-mng.akamaized.net/images/item/origin/1507a9724ae5a02a5c2b818f87f35aee.jpg?imformat=generic&q=90&im=Resize,width=1200,type=normal","","HAAB","HAAB > HAAB SKIN(ハーブスキン)","members_only"
"116543982","【カウンセリング商品】 ステムビューティーマスク５枚入り","再生美容クリニックが開発した細胞レベルに働きかけ 自ら潤える肌を実現させます！ 30分保湿しても乾燥しない高級シート使用。 世界最小 400 分子のヒアルロン酸と 2 種のヒト臍帯幹細胞培養液を配合。 【効能】 線維芽細胞活性化 ニキビ跡 鎮静 ハリ シワ コラーゲン合成（ハリ/シワ） ヒアルロン酸 合成（乾燥） エラスチン合成（たるみ） 【内容量】 15ml × 5枚入 ーこんなお悩みの方にオススメー ニキビ跡・乾燥肌・くすみ・シワ・毛穴 【ご使用方法】 ・洗顔の後、化粧水で整えた肌に使用します。 ・マスクを取り出して広げ、目の位置を合わせて顔全体に密着させます。 （液ダレにご注意ください） ・30分程おいてからマスクを外します。 ・肌に残った美容液を手でよく馴染ませます。 ・袋にある美容液は翌日もご使用いただけます 【全成分】 水、ヒトサイタイ間葉細胞順化培養液、グリセリン、DPG、ヒト臍帯血細胞順化培養液、加水分解ヒアルロン酸Na、PCA-Na、プロパンジオール、卵殻膜、アセチルヘキサペプチド-8、オウゴンエキス、パルミチン酸レチノール、アセチルグルコサミン、ピーナッツ油、ベタイン、グリチルリン酸K2、ヒアルロン酸Na、トコフェロール、PEG-60水添ヒマシ油、リゾレシチン、フェノキシエタノール","in stock","new","16500 JPY","https://aimer12.base.shop/items/116543982","https://baseec-img-mng.akamaized.net/images/item/origin/9cf5f706b881a09d18f50ee6518d9876.jpg?imformat=generic&q=90&im=Resize,width=1200,type=normal","","HAAB","HAAB > HAAB SKIN(ハーブスキン)","members_only"
"116543939","【カウンセリング商品】 ステムシークレットセラム30ml","再生美容クリニックが開発した細胞レベルに働きかけ 、 自ら潤える肌を実現させる。 世界最小 400 分子のヒアルロン酸と2種のヒト臍帯幹細胞培養液を配合しました！ 【効能】 線維芽細胞活性化/ニキビ跡/鎮静/コラーゲン合成（ハリ・シワ）/ヒアルロン酸合成（乾燥）/エラスチン合成（たるみ） 【内容量】 30ｍl ーこんなお悩みの方にオススメー ニキビ跡・乾燥肌・くすみ・シワ・毛穴 【ご使用方法】 ・化粧水の後に2、3滴をお肌に馴染ませます。 ・お肌全体にマッサージしながら馴染ませます。 ・マッサージ後はハンドプッシュし、 しっかりハンドプレスで浸透させます 【全成分】 水、加水分解ヒアルロン酸 N a 、 B G 、ヒトサイタイ間葉幹細胞順化培養液、 ヒト臍帯血細胞順化培養液、 PCA Na 、ヒアルロン酸 N a 、グリチルリチン酸 2 K 、フェノキシエタノール","in stock","new","22000 JPY","https://aimer12.base.shop/items/116543939","https://baseec-img-mng.akamaized.net/images/item/origin/61bd03b1f90888c25f36872194fd6d6f.jpg?imformat=generic&q=90&im=Resize,width=1200,type=normal","https://baseec-img-mng.akamaized.net/images/item/origin/f2457e07b0e18f5e14fa4623465d5aca.jpg?imformat=generic&q=90&im=Resize,width=1200,type=normal","HAAB","HAAB > HAAB SKIN(ハーブスキン)","members_only"
"116288141","【カウンセリング商品】HAAB SKIN エクソソームセラム","・ヒト幹細胞培養液 ・ヒト線維芽細胞培養液 ・エクソソーム培養液 ・世界最小400分子ヒアルロン酸 クリニック医師監修の元、ベストバランスで配合。 肌細胞にアプローチし、 あなたのお肌を20歳代のピークに戻します 。 ①ヒト臍帯血細胞順化培養液：線維芽細胞を産出 ②ヒト線維芽細胞 順化培養液：コラーゲン/ヒアルロン酸 エラスチンを産出 ③ヒト脂肪由来間葉系細胞 エクソソーム：線維 芽細胞の活性。コラーゲン産出を2倍にする。 ④ヒアルロン酸：1ｇで6リットルの保水力 【効能】 線維芽細胞産出線維芽細胞活性化/ニキビ跡/鎮静/ハリ/シワ/コラーゲン合成（ハリ/シワ） ヒアルロン酸合成（乾燥）/エラスチン合成（たるみ） 【内容量】 30mL 【全成分】 水、ヒト線維芽細胞順化培養液、ヒト臍帯血細胞順化培養液、ヒト脂肪由来間葉系細胞エクソソーム、プロパンジオール、ナイアシンアミド、グリチルリチン酸2K、 ヒアルロン酸Na、(クロロフィリン/銅)複合体、アラントイン、BG、加水分解ヒアルロン酸Na、アルニカ花エキス、オドリコソウ花/葉/茎エキス、オランダガラシ葉/茎エキス、 ゴボウ根エキス、セイヨウアカマツ球果エキス、セイヨウキズタ葉/茎エキス、ニンニク根エキス、ローズマリ一葉エキス、ローマカミツレ花エキス、クエン酸、フェノキシエタノール 【使用上の注意】 ⚫傷やはれもの、湿疹等異常のあるところにはお使いにならないでください。 お肌に異常が生じていないかよく注意して使用してください。 お肌に合わない場合は、ご使用を中止してください。 ⚫使用中、又は使用したお肌に直射日光があたって、赤みはれ、かゆみ、刺激、色抜け(白斑等)や黒ずみ等の異常があらわれた場合は、そのまま使用を続けますと症状を悪化させることがありますので、ご使用を中止し、皮膚科専門医等にご相談されることをおすすめします。 ⚫目に入らないように注意し、入ったときはすぐに水又はぬるま湯で洗い流してください。 ⚫乳幼児などの誤飲等を防ぐため、置き場所にご注意ください。 ⚫高温又は直射日光のあた ※場所には保管しないでください。","in stock","new","44000 JPY","https://aimer12.base.shop/items/116288141","https://baseec-img-mng.akamaized.net/images/item/origin/95b97cf31bbcdf5731d6105b19a01f31.jpg?imformat=generic&q=90&im=Resize,width=1200,type=normal","https://baseec-img-mng.akamaized.net/images/item/origin/2aa10aaf1584c3968a6f860b3ce0fa2f.jpg?imformat=generic&q=90&im=Resize,width=1200,type=normal","HAAB","HAAB > HAAB SKIN(ハーブスキン)","members_only"
"116544467","EXOオールインワンゲル","・商品名：HAAB PLUS EXOオールインワンゲル ・容量：50ml 【商品概要】 洗顔後、一塗りで高保湿がつづくオールインワンゲル ・ヒト臍帯由来幹細胞エクソソーム：線維芽細胞を活性化し、コラーゲン生成を促します。 ・ヒト幹細胞順化培養液：成長因子やサイトカインを含み、線維芽細胞を生み出します。 ・天然ヒト型セラミド：バリア機能をサポートし、肌のうるおいを保ちます。 ・アスタキサンチン：コエンザイムQ10の1,000倍の抗酸化力で肌にハリ、弾力を与えます。 ・植物エキス：チャ葉エキス（抗酸化・抗菌作用）、ツボクサエキス（鎮静作用）など多数配合。","in stock","new","19800 JPY","https://aimer12.base.shop/items/116544467","https://baseec-img-mng.akamaized.net/images/item/origin/4f3160b459aa74cd7d1ac6c288eb7819.jpg?imformat=generic&q=90&im=Resize,width=1200,type=normal","","HAAB","HAAB > HAAB plus(ハーブプラス)",""
"116544366","THE MOUSSE","【製品特徴】 《ホースプラセンタ》《7種の天然植物成分》配合の泡タイプ洗顔料で1本でクレンジングと洗顔が可能なムースタイプの泡洗顔 ポンプ式でプッシュするだけでふわふわの泡になって出てくるのでスキンケアをより簡単時短で行い方にオススメ！ 【使用方法】 ●クレンジング＋洗顔の場合⇒ 1回目クレンジング/2回目洗顔 ●洗顔のみの場合⇒1回洗顔 【内容量】200ml","in stock","new","7700 JPY","https://aimer12.base.shop/items/116544366","https://baseec-img-mng.akamaized.net/images/item/origin/9cbd154cb9cc61cedc97b16349afba49.jpg?imformat=generic&q=90&im=Resize,width=1200,type=normal","https://baseec-img-mng.akamaized.net/images/item/origin/66a7ca298dc1e714559f1b2d99eda3aa.jpg?imformat=generic&q=90&im=Resize,width=1200,type=normal","HAAB","HAAB > HAAB plus(ハーブプラス)",""
"116544288","タイトニングトナー","毛穴の開きや肌のたるみが気になる方にオススメの引き締め化粧水。植物・果物由来の成分をたっぷりと配合。即効性があるので瞬時に毛穴がキュッと引き締まり肌のリフトアップ効果を実感。","in stock","new","7700 JPY","https://aimer12.base.shop/items/116544288","https://baseec-img-mng.akamaized.net/images/item/origin/fd45d523a6760c398e11eafb2463cf93.jpg?imformat=generic&q=90&im=Resize,width=1200,type=normal","","HAAB","HAAB > HAAB plus(ハーブプラス)",""
"116544253","ミセラクレンジングウォーター","拭き取りタイプのクレンジングウォーター。小さなミセラカプセルが磁石の様に汚れを吸着し、メイクや毛穴の汚れを浮き上がらせてしっかり除去。植物由来の鎮静成分たっぷり配合で肌にも優しい。","in stock","new","7700 JPY","https://aimer12.base.shop/items/116544253","https://baseec-img-mng.akamaized.net/images/item/origin/3a909f82ee5212f5f9611c77cfee3f9d.jpg?imformat=generic&q=90&im=Resize,width=1200,type=normal","","HAAB","HAAB > HAAB plus(ハーブプラス)",""
"116544190","ブライトニングスクラブ50g","プラセンタパウダーに杏の種子をたっぷり配合した肌に優しいスクラブ洗顔料。美白・保湿効果はそのままに毛穴ケアを強化。","in stock","new","6930 JPY","https://aimer12.base.shop/items/116544190","https://baseec-img-mng.akamaized.net/images/item/origin/dbca5504f7db2273d79091356ca5d84a.jpg?imformat=generic&q=90&im=Resize,width=1200,type=normal","","HAAB","HAAB > HAAB plus(ハーブプラス)",""
"116544573","NMN re:cell supplement30粒","HAAB PLUS NMN re:cell サプリメント 30粒 加齢とともに減少するNAD⁺の元となるNMN（ニコチンアミドモノヌクレオチド）を補給し、エネルギー代謝や若々しさをサポートするサプリメント。1カプセルに高純度NMNを配合し、忙しい毎日でもスムーズに取り入れられます。 ⸻ 特徴 • 高純度NMN配合：不足しがちなNAD⁺前駆体を効率的に補う • コンパクトな30粒入り：約1ヵ月分で試しやすいサイズ • 日本製（HAAB DCT取り扱い）：品質と安全性に配慮されたサプリメント • 毎日の活力サポートに：エネルギーや代謝、若々しさを積極的に維持したい方におすすめ ⸻ このような方におすすめ • 年齢とともにエネルギーの低下を感じる方 • 健康的な老化ケアを日常に取り入れたい方 • サプリメントを気軽に試したい方 • 日本製の信頼できる製品を探している方 ⸻ 使用方法 1日1粒を目安に、水またはぬるま湯でお召し上がりください。継続して使用することで、体感しやすくなります。 ⸻ 商品詳細 • 内容量：30粒 • ブランド：HAAB PLUS（ハーブリプロ） • 製造・取扱元：HAAB DCT • 原産国：日本","in stock","new","129600 JPY","https://aimer12.base.shop/items/116544573","https://baseec-img-mng.akamaized.net/images/item/origin/7fd50f1fdfe3b73c67b3cdb781b11034.jpg?imformat=generic&q=90&im=Resize,width=1200,type=normal","","HAAB","HAAB > HAAB plus(ハーブプラス)","members_only"
"116544402","【カウンセリング商品】 プレミアムクレンジングジェル200ml","HAAB PLUS プレミアム クレンジング ジェル 200ml メイク汚れや皮脂・毛穴汚れをやさしく素早くオフする、肌想いのジェルクレンジング。 とろみのあるジェルが摩擦を抑えながら密着し、洗い上がりはつっぱらず、しっとりなめらかな素肌へ整えます。 ⸻ 特徴 • マイルド洗浄：ジェルが汚れを包み込み、こすらずスルンとオフ • うるおいキープ：洗いすぎによる乾燥を防ぎ、しっとり感を保つ • 摩擦レス処方：とろみテクスチャーで肌負担を最小限に • 毎日使いやすい：ベタつかず、ぬるつき残りのない快適な使用感 ⸻ このような方におすすめ • 乾燥しやすい・つっぱりが苦手 • やさしい使い心地のクレンジングを探している • ジェルタイプの軽い洗い上がりが好き • メイクも皮脂汚れもしっかり落としたい ⸻ 使用方法 乾いた手に適量（2〜3プッシュ目安）を取り、顔全体にやさしくなじませます。 メイクとなじんだら少量の水で乳化させ、ぬるま湯で丁寧に洗い流してください。 ⸻ 商品詳細 • 内容量：200ml • ブランド：HAAB PLUS（ハーブプラス） • 原産国：日本","in stock","new","3300 JPY","https://aimer12.base.shop/items/116544402","https://baseec-img-mng.akamaized.net/images/item/origin/1d8b54568d5603535c7a3f841a030115.jpg?imformat=generic&q=90&im=Resize,width=1200,type=normal","","HAAB","HAAB > HAAB plus(ハーブプラス)",""
"116544321","パーフェクトボディソルト","高級美容成分をたっぷりと配合したマッサージソルト。細かい粒子を使用しているため肌への刺激が少なく、敏感肌にもオススメ。お尻や肘・膝の黒ずみ角質汚れをしっかりケアし、しっとりもち肌ボディへ。また、カフェイン配合で血行促進・むくみ解消など痩身効果も期待。","in stock","new","5830 JPY","https://aimer12.base.shop/items/116544321","https://baseec-img-mng.akamaized.net/images/item/origin/9c7c66ffd4dd9831dbcf4adaf562376e.jpg?imformat=generic&q=90&im=Resize,width=1200,type=normal","","HAAB","HAAB > HAAB plus(ハーブプラス)",""
"116858606","シルクプロテイン【コーヒー風味】","美しくメリハリボディへ。 女性のためのソイプロテイン。内容量：400g","in stock","new","5832 JPY","https://aimer12.base.shop/items/116858606","https://baseec-img-mng.akamaized.net/images/item/origin/6b14aa2c88ebc7e9fdc7389425b8353d.jpg?imformat=generic&q=90&im=Resize,width=1200,type=normal","https://baseec-img-mng.akamaized.net/images/item/origin/d9b9a06ea971c9d2a059d76679dad289.jpg?imformat=generic&q=90&im=Resize,width=1200,type=normal,https://baseec-img-mng.akamaized.net/images/item/origin/0b3216a0ffcb425871924e1e397bd323.jpg?imformat=generic&q=90&im=Resize,width=1200,type=normal,https://baseec-img-mng.akamaized.net/images/item/origin/36ba6c18d82c84cd317d1e7b1ecb50d3.jpg?imformat=generic&q=90&im=Resize,width=1200,type=normal,https://baseec-img-mng.akamaized.net/images/item/origin/56cfc5d037ecf7a31c416e1d7b3fbc32.jpg?imformat=generic&q=90&im=Resize,width=1200,type=normal,https://baseec-img-mng.akamaized.net/images/item/origin/5744f14105d16772b29f815b49fa5cd9.jpg?imformat=generic&q=90&im=Resize,width=1200,type=normal,https://baseec-img-mng.akamaized.net/images/item/origin/73a64ff11115beee1444644d47e91149.jpg?imformat=generic&q=90&im=Resize,width=1200,type=normal,https://baseec-img-mng.akamaized.net/images/item/origin/05c5289ec23fb25953f2c3fe032508fe.jpg?imformat=generic&q=90&im=Resize,width=1200,type=normal,https://baseec-img-mng.akamaized.net/images/item/origin/c7798de857da1fcbcb6be0830ad23581.jpg?imformat=generic&q=90&im=Resize,width=1200,type=normal,https://baseec-img-mng.akamaized.net/images/item/origin/d10fd56b98e4763520b07ce23da3ddac.jpg?imformat=generic&q=90&im=Resize,width=1200,type=normal,https://baseec-img-mng.akamaized.net/images/item/origin/ce0dd7bf2722e97f1a9bcdfb0a4dc1e6.jpg?imformat=generic&q=90&im=Resize,width=1200,type=normal","Inner care","Inner care > プロテイン",""
"116858733","シルクプロテイン【バニラ風味】","注目の「NMN」を配合、シルクドリバーシリーズ最高レベルのソイプロテイン。内容量：400g","in stock","new","5832 JPY","https://aimer12.base.shop/items/116858733","https://baseec-img-mng.akamaized.net/images/item/origin/e22ce0ababc4f706b88d6a767340adae.jpg?imformat=generic&q=90&im=Resize,width=1200,type=normal","https://baseec-img-mng.akamaized.net/images/item/origin/cd8e4fbc4c420ba13eac8f48b5c2a018.jpg?imformat=generic&q=90&im=Resize,width=1200,type=normal,https://baseec-img-mng.akamaized.net/images/item/origin/89142de5c5d51736725cfc823fb3fe60.jpg?imformat=generic&q=90&im=Resize,width=1200,type=normal,https://baseec-img-mng.akamaized.net/images/item/origin/001cf2b3ba5273e8c19f4b24f10b7fd0.jpg?imformat=generic&q=90&im=Resize,width=1200,type=normal,https://baseec-img-mng.akamaized.net/images/item/origin/94eb3687175d0d3a6325089d6d304f28.jpg?imformat=generic&q=90&im=Resize,width=1200,type=normal,https://baseec-img-mng.akamaized.net/images/item/origin/c1271c7696e7f60f74837410e53b0528.jpg?imformat=generic&q=90&im=Resize,width=1200,type=normal,https://baseec-img-mng.akamaized.net/images/item/origin/4e0a9d923df31ca9e11b2d13c0882c9b.jpg?imformat=generic&q=90&im=Resize,width=1200,type=normal,https://baseec-img-mng.akamaized.net/images/item/origin/f723b0b7946fa293dfeb67c2e846e88e.jpg?imformat=generic&q=90&im=Resize,width=1200,type=normal,https://baseec-img-mng.akamaized.net/images/item/origin/5b3f9b6b5761637e0fd1a68d68e1edce.jpg?imformat=generic&q=90&im=Resize,width=1200,type=normal,https://baseec-img-mng.akamaized.net/images/item/origin/75cf8f40d4e0afe0a1490fd26a1f3d62.jpg?imformat=generic&q=90&im=Resize,width=1200,type=normal,https://baseec-img-mng.akamaized.net/images/item/origin/b67e6136f0420035ce7b4c6bc15bdfe8.jpg?imformat=generic&q=90&im=Resize,width=1200,type=normal","Inner care","Inner care > プロテイン",""
"116858940","シルクプロテイン【イチゴ風味】","美味しく、楽しく、続く。きれいになれるプロテイン。内容量：400g","in stock","new","5832 JPY","https://aimer12.base.shop/items/116858940","https://baseec-img-mng.akamaized.net/images/item/origin/0ea9cc55905fa5aab5409c36bcb35581.jpg?imformat=generic&q=90&im=Resize,width=1200,type=normal","https://baseec-img-mng.akamaized.net/images/item/origin/19f3c5914d3f7a16dda9963c4f40da42.jpg?imformat=generic&q=90&im=Resize,width=1200,type=normal,https://baseec-img-mng.akamaized.net/images/item/origin/6dd7c0778702392897a0b95861178ea5.jpg?imformat=generic&q=90&im=Resize,width=1200,type=normal,https://baseec-img-mng.akamaized.net/images/item/origin/8995392cf425852a431b1392c17bfcad.jpg?imformat=generic&q=90&im=Resize,width=1200,type=normal,https://baseec-img-mng.akamaized.net/images/item/origin/2b6f9829b1ffcbfe320f2dba7228f936.jpg?imformat=generic&q=90&im=Resize,width=1200,type=normal,https://baseec-img-mng.akamaized.net/images/item/origin/b99717a718db6188e7977d910785221f.jpg?imformat=generic&q=90&im=Resize,width=1200,type=normal,https://baseec-img-mng.akamaized.net/images/item/origin/df64965b271489c6e7e9eaba3bde0bb2.jpg?imformat=generic&q=90&im=Resize,width=1200,type=normal,https://baseec-img-mng.akamaized.net/images/item/origin/b3de72bab6865504e263d14d82da60d6.jpg?imformat=generic&q=90&im=Resize,width=1200,type=normal,https://baseec-img-mng.akamaized.net/images/item/origin/2b564fea8c6146381490f1488e6c795d.jpg?imformat=generic&q=90&im=Resize,width=1200,type=normal,https://baseec-img-mng.akamaized.net/images/item/origin/1f6ed351f7da6c302579b473cbdff6d2.jpg?imformat=generic&q=90&im=Resize,width=1200,type=normal,https://baseec-img-mng.akamaized.net/images/item/origin/17de4992e375a857ad200268547355e2.jpg?imformat=generic&q=90&im=Resize,width=1200,type=normal","Inner care","Inner care > プロテイン",""
"116859372","320000 プラセンタ ドリンク スマートパック 30包入","1日15mLでプラセンタ注射約4.8本分相当のプラセンタと 各種サポート成分を摂取できる 高濃度美容健康エキス プラセンタには、成長因子や必須アミノ酸をはじめ多様な有用成分が含まれています。 「エクセリティー ドクターセレクト 320000プラセンタドリンク」は、プラセンタエキスと厳選した 各種サポート成分を高濃度で配合した美容健康ドリンクです。原料から製造工程まで 厳しい自社基準を設け、安心・安全のための徹底した品質管理を行っています。 吸収率に優れたプラセンタドリンクで、身体の内側からエイジング対策を始めましょう。 美容と健康を内側からサポートする各種成分 プラセンタエキス 国内の契約農場で衛生的に飼育された豚のプラセンタを使用。徹底した品質管理のもと製造を 行い、安全性試験をクリアした成分です。副作用が心配されるホルモンは一切含まれていません。 また、当社独自の製法により、有用成分を壊さず原料臭の低減化に成功。したがって、320000mg もの高い濃度の生プラセンタを配合することができました。 71種類の植物酵素 国内産を中心に厳選された71種類の植物素材をじっくりと時間をかけて発酵・熟成した、国産原料植物酵素を配合。消化酵素、代謝酵素の働きをサポートし、体内のバランスを整えます。 サイタイエキス サイタイ（へその緒）から抽出したエキスで、ヒアルロン酸やアミノ酸などの美肌成分を豊富に含み、保水力に優れています。コラーゲンやエラスチンの橋渡しをして、みずみずしい素肌へと導きます。 β-NMN 「NMN（ニコチンアミドモノヌクレオチド）」はあらゆる生物の細胞に存在し、年齢とともに減少していく体内物質です。若々しい健康的な身体のコンディション維持をサポートします。 乳酸菌 EC-12 腸内環境を整えてくれる善玉菌に働きかけ、健やかな環境をキープ。すっきりした毎日に。 オメガ3 亜麻の種子から抽出されるオイル。必須脂肪酸であるα-リノレン酸を豊富に含みます。 内容量：450g（15g×30包） ［召し上がり方］本品は、そのままお飲みいただけますが、お好みに応じて希釈してもご利用いただけます。天然原料使用のため沈殿することがありますので、上下に振ってからお飲みください。 原材料名：プラセンタエキス（国内製造）、水飴、ガラクトオリゴ糖液糖、精製蜂蜜、エリスリトール、醗酵酸味液、米醗酵調味料、濃縮グレープ果汁、植物醗酵エキス、コラーゲンペプチド、エラスチン、アマニ油含有粉末、乳酸菌（殺菌）、サイタイエキス、β-ニコチンアミド・モノヌクレオチド、パイナップル果実抽出物（セラミド含有）／トレハロース、サイクロデキストリン、香料、グレープフルーツ種子抽出物、カラメル色素、乳化剤、甘味料（ソーマチン）、V.C、ナイアシン、アルギニン、V.E、pH調整剤、パントテン酸Ca、クエン酸、V.B1、V.B2、V.B6、V.A、葉酸、V.D、V.B12、（一部に豚肉・キウイフルーツ・ゼラチン・リンゴ・大豆・ももを含む） ※本品1包（15g）あたり：プラセンタエキス純末換算 288mg配合","in stock","new","12960 JPY","https://aimer12.base.shop/items/116859372","https://baseec-img-mng.akamaized.net/images/item/origin/8bf78c1889fde26e16c1df97e26bcfe3.jpg?imformat=generic&q=90&im=Resize,width=1200,type=normal","","Inner care","Inner care > プラセンタドリンク",""
"116859218","Dr.Select フィトレチノール(R)1000","お気に入り 注文履歴 カート 領収証発行 ブランド・アイテムから探す ホーム アイテムから探す 2WAYサプリメント 新規会員登録 ログイン キーワードで探す キーワードを入力 価格帯で絞り込む ～ 円 独自商品コードで探す 独自商品コードを入力 検索する カテゴリー すべての商品 ブランドから探す アイテムから探す お悩みから探す 業務用商材 販促ツール お知らせ お気に入り 注文履歴 領収書発行 ご利用ガイド お問い合わせ 2025年8月 日 月 火 水 木 金 土 1 2 3 4 5 6 7 8 9 10 11 12 13 14 15 16 17 18 19 20 21 22 23 24 25 26 27 28 29 30 31 2025年9月 日 月 火 水 木 金 土 1 2 3 4 5 6 7 8 9 10 11 12 13 14 15 16 17 18 19 20 21 22 23 24 25 26 27 28 29 30 ■ 休業日 2WAYサプリメント Dr.Select フィトレチノール(R)1000 ￥10,800（税込） 0ポイント獲得できます 販売開始：2025年04月28日10：00 数量 1 カートに入れる この商品について問い合わせる 独自の植物由来レチノールを配合、 内側から輝く若々しさへ 「バクチオール」を主成分とするオランダビユというマメ科の植物から抽出した独自成分。「バクチオール」はレチノールと似た働きを持ちながらも、低刺激で安定性に優れています。外部からの刺激に負けない健やかな素肌に保ちます。 ［こんな方におすすめ］ ・コンディションが気になる ・よく日差しを浴びる ・若々しい印象を保ちたい ・エイジングサイン*をケアしたい ・乾燥や肌あれを繰り返している ・健やかな美しさを目指したい *キメの乱れ、ハリ不足 内容量：12.36g（206mg×60粒） オランダビユ果実油含有加工食品 ［使用方法］ 飲む：1日2粒を目安に、水などと一緒に噛まずにお召し上がりください。 塗る：カプセルを開けて、中身を化粧水または精製水に溶かしてご使用ください。 ［保存方法］直射日光、高温多湿を避けて保存してください。 ［使用上の注意］ ●原材料をご確認の上、食物アレルギーのある方はお召し上がりにならないでください。 ●薬を服用中の方、通院中の方、妊娠・授乳中の方はお医者様とご相談の上、お召し上がりください。 ●体質・体調に合わない方は、使用を中止してください。 ●幼児の手の届かないところに保管してください。 原材料名：紫茶エキス末（国内製造）、セラミド含有米抽出物、オランダビユ果実油／セルロース、ヒアルロン酸、環状オリゴ糖、HPMC、ステアリン酸カルシウム、アラビアガム、微粒酸化ケイ素","in stock","new","10800 JPY","https://aimer12.base.shop/items/116859218","https://baseec-img-mng.akamaized.net/images/item/origin/182b65c0a29f6a2cefe4f56cc9702e67.jpg?imformat=generic&q=90&im=Resize,width=1200,type=normal","","Inner care","Inner care > サプリメント",""
"116859267","Dr.Select リポソームビタミンC","お気に入り 注文履歴 カート 領収証発行 ブランド・アイテムから探す ホーム アイテムから探す 2WAYサプリメント 新規会員登録 ログイン キーワードで探す キーワードを入力 価格帯で絞り込む ～ 円 独自商品コードで探す 独自商品コードを入力 検索する カテゴリー すべての商品 ブランドから探す アイテムから探す お悩みから探す 業務用商材 販促ツール お知らせ お気に入り 注文履歴 領収書発行 ご利用ガイド お問い合わせ 2025年8月 日 月 火 水 木 金 土 1 2 3 4 5 6 7 8 9 10 11 12 13 14 15 16 17 18 19 20 21 22 23 24 25 26 27 28 29 30 31 2025年9月 日 月 火 水 木 金 土 1 2 3 4 5 6 7 8 9 10 11 12 13 14 15 16 17 18 19 20 21 22 23 24 25 26 27 28 29 30 ■ 休業日 2WAYサプリメント Dr.Select リポソームビタミンC ￥7,560（税込） 0ポイント獲得できます 数量 1 〇在庫あり カートに入れる この商品について問い合わせる 美容や健康に欠かせないビタミンCを、 隅々までしっかり届ける高吸収型リポソームビタミンC サビに働きかけ、身体本来の力、美容にもアプローチするビタミンCは健康的な毎日のために必要な成分。水に溶けやすく熱に弱い水溶性のビタミンCは、こわれやすいのが難点。さらに、代謝スピードが速く、余った分は数時間で体外に排出されてしまうので、一度にたくさん摂っても体内に溜めておくことができません。 「ドクターセレクト リポソームビタミンC」は、高吸収型ビタミンCを配合。ビタミンCをリポソーム化することで、栄養機能はそのままに、身体の隅々まで効率よくダイレクトに届けます。 ［こんな方におすすめ］ ・シミやそばかすが気になる ・透明感ある美しさを目指したい ・疲れやすい・風邪をよくひく ・野菜や果物を摂る機会が少ない 内容量：66.6g（370mg×180粒） ［使用方法］ 飲む：1日6粒を目安に、水などと一緒に噛まずにお召し上がりください。 塗る：カプセルを開けて、中身を化粧水または精製水に溶かしてご使用ください。 ［保存方法］直射日光、高温多湿を避けて保存してください。 ［使用上の注意］ ●原材料をご確認の上、食物アレルギーのある方はお召し上がりにならないでください。 ●薬を服用中の方、通院中の方、妊娠・授乳中の方はお医者様とご相談の上、お召し上がりください。 ●体質・体調に合わない方は、使用を中止してください。 ●幼児の手の届かないところに保管してください。 原材料名：ウコン抽出物（インド製造）／ビタミンC、HPMC、セルロース、加工デンプン、ヒマワリレシチン、ステアリン酸カルシウム、微粒酸化ケイ素","in stock","new","7560 JPY","https://aimer12.base.shop/items/116859267","https://baseec-img-mng.akamaized.net/images/item/origin/b3b85abdcc3152aa8f56c8953542aa60.jpg?imformat=generic&q=90&im=Resize,width=1200,type=normal","","Inner care","Inner care > サプリメント",""
"116859488","フィーノザイム310 スマートパック 30包入","310種類の素材を長期熟成発酵高濃度植物酵素ドリンク 「フィーノザイム 310」は、果物、野菜、野草、穀物、茸、海藻を全310種類使用。 水を一切加えず、3年以上かけて長期熟成発酵させた高濃度植物酵素ドリンクです。 さらに、4つのハーブをブレンドしたハーブミックス、カシスエキス、ツバメの巣、ジンジャーなど厳選した美容成分を配合しました。 内容量：30包入 450g(15g×30） ［使用方法］1日あたり1パックを目安にそのままお飲みください。お好みに応じて希釈してもお飲みいただけます。天然原料使用のため、沈殿することがありますので、よく振ってお飲みください。 原材料名：イソマルトオリゴ糖（国内製造）、植物発酵エキス、難消化性デキストリン（食物繊維）、ガラクトオリゴ糖液糖、りんご濃縮果汁、カシス濃縮果汁、生姜抽出物、混合ハーブ抽出物（マルトデキストリン、ドクダミ、セイヨウサンザシ、ローマカミツレ、ブドウ葉）、燕の巣加工品（デキストリン、酵素処理燕窩）、カシス抽出物／V.C、クエン酸、増粘剤（キサンタンガム）、 （一部にオレンジ・キウイ・くるみ・ごま・大豆・バナナ・もも・やまいも・りんごを含む）","in stock","new","9180 JPY","https://aimer12.base.shop/items/116859488","https://baseec-img-mng.akamaized.net/images/item/origin/ba729386e0f2f12c28289aaa2be2b060.jpg?imformat=generic&q=90&im=Resize,width=1200,type=normal","","Inner care","Inner care > サプリメント",""
"116859835","再生因子サプリ ティーセルマックス","再生医療研究から生まれた幹細胞低酸素培養エキス（豚由来）の世界初のサプリメント。 身体の中から取り入れる次世代型エイジングケアサプリメント。 いまや世界中で進む再生医療研究の主役の幹細胞。 中でも多機能性で知られるブタ歯髄細胞順化培養液が注目されています。 またこのTCELLMAXは低酸素培養再生因子で、その他プロポリス、ラクトフェリン、シールド乳酸菌を配合いたしました。 希少なサイトカインを含む幹細胞低酸素培養エキスを配合しました食品サプリメントです。 食品として認められている安心安全な、幹細胞低酸素培養エキス（豚由来）で確実に定量分析され成分の規格化がされていますオンリーワンサプリメントです。 加齢と共に私たちの身体の幹細胞は減少して30代を過ぎると極端に減少して行きます。 今の時代に求められる一品です。 またカプセルは、再生因子を含む成分が胃酸でダメージを受けないコーティングで主要成分を腸まで届けて吸収をサポートいたします。 原材料 ひまわり油、乳酸菌乾燥粉末（殺菌）（デキストリン、乳酸菌乾燥原末）（国内製造）、⽶粉、幹細胞低酸素培養エキス（豚由来）、プロポリス抽出物、ビタミンE、ゼラチン、グリセリン、ミツロウ、ラクトフェリン（乳由来）、トウモロコシたん⽩ お召し上がり方 1日2粒を目安に、水などと一緒にかまずにお召し上がりください。 使用上の注意 ・開封後はお早めにお目仕上げりください。 ・乳幼児の手の届かないところに保存してください。 ・体質、体調により稀に身体に合わない場合がありますのが、その場合はご使用を中止し、医師・薬剤師にご相談してください。 ・お薬を服用あるいは通院中または妊娠及び授乳中の方がご利用になる場合は事前に医師・薬剤師にご相談ください。 ・製造時期の違いなどにより、粒の色が異なる場合がございますが、品質には問題ありません。","in stock","new","16200 JPY","https://aimer12.base.shop/items/116859835","https://baseec-img-mng.akamaized.net/images/item/origin/1400f896f797faf9a448f729af5fd479.png?imformat=generic&q=90&im=Resize,width=1200,type=normal","https://baseec-img-mng.akamaized.net/images/item/origin/d29f0f7acad4dfeaeb4848c1c89ca074.jpg?imformat=generic&q=90&im=Resize,width=1200,type=normal","Inner care","Inner care > サプリメント",""
"116544872","NOTBAM【ナッバン】ファンデーション","NOTBAM（ナッバン） VEGAN GLOW PALETTE FOUNDATION 保湿美容液のような感触で、素肌を活かすツヤと肌トラブルへの配慮が特長のクッションファンデーション。SPF50 PA++++で紫外線もしっかりカバーし、透明感のある肌印象を長時間キープします。100%ヴィーガン成分＆クルエルティフリー。 ⸻ 特徴 • 美容液のような使用感：シルキーなのびと、肌への負担を感じにくい軽いつけ心地 • 皮脂・毛穴をカバー：カラー補正効果で自然なツヤ肌を演出 • 高UVプロテクション：SPF50 PA++++で紫外線や光老化からガード • ヴィーガン＆クルエルティフリー：植物由来（シロキクラゲエキス・ツボクサエキスなど）100％で敏感肌にも配慮 ￼ ⸻ このような方におすすめ • 保湿感とツヤのある仕上がりが好きな方 • UVカットとベースケアを同時に叶えたい方 • 肌荒れや乾燥、揺らぎに配慮したファンデを探している方 • 動物性原料不使用のクッションに安心して使いたい方 ⸻ 使用方法 専用のパフまたはブラシに1プッシュ取り、頬・おでこ・あごなど広い範囲に薄く叩きこむようにのばします。つけ足すことでカバー力を調整可能。 ⸻ 商品詳細 • 内容量：13g • ブランド：NOTBAM（ナッバン） • フォーミュラ：ヴィーガン処方、SPF50 PA++++、クルエルティフリー • 原産国：日本 ⸻ NOTBAM VEGAN GLOW PALETTE FOUNDATIONは、ツヤ肌と紫外線対策、美容保湿を一体化したクッションタイプファンデ。敏感肌にも配慮された処方で、日中も快適な肌を叶えます。","in stock","new","8250 JPY","https://aimer12.base.shop/items/116544872","https://baseec-img-mng.akamaized.net/images/item/origin/c17d8a48e152d284299aafdd7b3df8f8.jpg?imformat=generic&q=90&im=Resize,width=1200,type=normal","https://baseec-img-mng.akamaized.net/images/item/origin/a0a0fb1e79c5e0b1be38e3dcabfc8e91.jpg?imformat=generic&q=90&im=Resize,width=1200,type=normal","Foundation","Foundation > NOTBAM(ナッパン)",""
"116546668","プロバイオティックデイクリームSPF15 50ml","CHRISTINA UNSTRESS プロバイオティック デイクリーム SPF15 50ml プロバイオティクス成分が肌環境を整え、バリア機能をサポートする日中用クリーム。 SPF15配合で紫外線から肌を守り、ストレスや外的刺激に負けない健やかな素肌へ導きます。 ⸻ 特徴 • プロバイオティクス配合：肌フローラを整え、健やかな肌環境を維持 • 紫外線ケア：SPF15で日常紫外線から肌を保護 • 高保湿処方：乾燥を防ぎ、しっとりなめらかな仕上がりに • 鎮静サポート：ストレスや環境ダメージで敏感になった肌を落ち着かせる ⸻ このような方におすすめ • 日中の乾燥や紫外線が気になる方 • 外的ストレスで肌が敏感に傾きやすい方 • 肌のバリア機能を強化したい方 • 健やかで落ち着いた肌を保ちたい方 ⸻ 使用方法 朝、化粧水や美容液で整えた肌に適量を塗布し、顔全体と首元になじませてください。 化粧下地としても使用できます。 ⸻ 商品詳細 • 内容量：50ml • ブランド：CHRISTINA（クリスティーナ） • ライン：UNSTRESS（アンストレス） • 原産国：イスラエル ⸻ プロバイオティック デイクリーム SPF15は、紫外線や外的ストレスから肌を守りつつ、バリア機能を健やかに保つ日中用ケア。 毎日のスキンケアに取り入れることで、明るく落ち着いた素肌を実感できます。 ※クリスティーナはカウンセリングの必要な化粧品になりますので、初回ご購入の方は【カウンセリング希望】と公式LINEにメッセージをください♡","in stock","new","13200 JPY","https://aimer12.base.shop/items/116546668","https://baseec-img-mng.akamaized.net/images/item/origin/84927a5d5efc101ea65fe1b992b039bd.jpg?imformat=generic&q=90&im=Resize,width=1200,type=normal","https://baseec-img-mng.akamaized.net/images/item/origin/3d950b939d83634fb6e853c4e1f8d83a.jpg?imformat=generic&q=90&im=Resize,width=1200,type=normal,https://baseec-img-mng.akamaized.net/images/item/origin/9f11c31a4bc0094660e99b196a5aa029.jpg?imformat=generic&q=90&im=Resize,width=1200,type=normal,https://baseec-img-mng.akamaized.net/images/item/origin/8399604667a8f8a10058e2c6d541fa5c.jpg?imformat=generic&q=90&im=Resize,width=1200,type=normal","肌質別スキンケア","肌質別スキンケア > 乾燥・保湿",""
"116544762","ビオサテンセラム30ml","CHRISTINA SILK ビオサテン セラム 30ml 水を一切使用せず、美容オイルのみで処方されたシルキーなオイル美容液。 ビタミンC・レチノール・スクワランを配合し、乾燥や外的ダメージから肌を守り、うるおい・ハリ・ツヤを与えます。軽やかでベタつかない使用感のため、朝晩のケアやメイク前のベースにも最適です。 ⸻ 特徴 • 100%オイル処方：濃密なうるおいを与え、キメを整える • ビタミンC誘導体：透明感を引き出し、均一な肌トーンへ • レチノール：ハリや弾力をサポートし、若々しい印象に • スクワラン：乾燥から肌を守り、やわらかく健やかに整える • 軽やかなテクスチャー：べたつかず、日中でも快適に使用可能 ⸻ このような方におすすめ • 季節の乾燥や年齢による肌のつっぱりが気になる方 • ハリ・ツヤ不足を感じている方 • メイク前にも使える美容液を探している方 • エイジングケアを日常に取り入れたい方 ⸻ 使用方法 化粧水の後、1プッシュを手に取り顔全体にやさしくなじませてください。 その後クリームで仕上げるとより効果的です。乾燥が気になる部分には重ねづけがおすすめです。 ⸻ 商品詳細 • 内容量：30ml • ブランド：CHRISTINA（クリスティーナ） • ライン：SILK（シルク） • 原産国：イスラエル ※クリスティーナはカウンセリングの必要な化粧品になりますので、初回ご購入の方は【カウンセリング希望】と公式LINEにメッセージをください♡","in stock","new","13200 JPY","https://aimer12.base.shop/items/116544762","https://baseec-img-mng.akamaized.net/images/item/origin/d9e8a5b348d8a6e2aa5b094eb7e8ff35.jpg?imformat=generic&q=90&im=Resize,width=1200,type=normal","https://baseec-img-mng.akamaized.net/images/item/origin/04857c5b4bba5f5249f23f7e8ec4bd87.jpg?imformat=generic&q=90&im=Resize,width=1200,type=normal,https://baseec-img-mng.akamaized.net/images/item/origin/cc4751959d29717ae3d5888efe3a3784.jpg?imformat=generic&q=90&im=Resize,width=1200,type=normal","肌質別スキンケア","肌質別スキンケア > 乾燥・保湿",""
"116544665","テラスキン30ml","CHRISTINA テラスキン 30ml 肌の内側から水分を補い、ふっくらとしたハリと弾力を与える高保湿美容液。 微細なヒアルロン酸が角質層のすみずみまで浸透し、乾燥や小ジワをケアしながら、みずみずしい透明感のある素肌へ導きます。 ⸻ 特徴 • マイクロヒアルロン酸配合：肌の奥まで水分を届け、うるおいを長時間キープ • ハリ・弾力サポート：内側からふっくらと若々しい肌印象へ • 乾燥小ジワ対策：うるおいで満たし、なめらかな肌に整える • みずみずしい使用感：ベタつかず、朝晩のケアや化粧下地前にも最適 ⸻ このような方におすすめ • 肌の乾燥やつっぱり感が気になる方 • 小ジワやハリ不足に悩んでいる方 • 化粧ノリを改善したい方 • 年齢とともにうるおいを失いやすい方 ⸻ 使用方法 朝晩、洗顔・化粧水の後に1〜2プッシュを顔全体と首元にやさしくなじませてください。 その後クリームで仕上げるとより効果的です。 ⸻ 商品詳細 • 内容量：30ml • ブランド：CHRISTINA（クリスティーナ） • 原産国：イスラエル ⸻ テラスキンは「塗るヒアルロン酸点滴」とも呼ばれるほどの高保湿力で人気の美容液。 毎日のケアに取り入れることで、ふっくらとうるおいに満ちた健やかな素肌をサポートします。 ※クリスティーナはカウンセリングの必要な化粧品になりますので、初回ご購入の方は【カウンセリング希望】と公式LINEにメッセージをください♡","in stock","new","8250 JPY","https://aimer12.base.shop/items/116544665","https://baseec-img-mng.akamaized.net/images/item/origin/fc6b0fbcb44d5bd8684b7b1388a34895.jpg?imformat=generic&q=90&im=Resize,width=1200,type=normal","https://baseec-img-mng.akamaized.net/images/item/origin/a37ce6bc4385b37bfdb6e8079b27842d.jpg?imformat=generic&q=90&im=Resize,width=1200,type=normal,https://baseec-img-mng.akamaized.net/images/item/origin/7b5e1d6f6affe73aa6d7d12f4a8de615.jpg?imformat=generic&q=90&im=Resize,width=1200,type=normal,https://baseec-img-mng.akamaized.net/images/item/origin/b8c293163b80be82a4f7b1e11b1dd602.jpg?imformat=generic&q=90&im=Resize,width=1200,type=normal","肌質別スキンケア","肌質別スキンケア > 乾燥・保湿",""
